symbol,name,price,exchange,exchangeShortName,type
IMP.JO,Impala Platinum Holdings Limited,9479,Johannesburg,JNB,stock
TGA.JO,Thungela Resources Limited,11252,Johannesburg,JNB,stock
NPH.JO,Northam Platinum Holdings Limited,10485,Johannesburg,JNB,stock
RMH.JO,RMB Holdings Limited,39,Johannesburg,JNB,stock
SHP.JO,Shoprite Holdings Limited,27698,Johannesburg,JNB,stock
PPC.JO,PPC Ltd,450,Johannesburg,JNB,stock
SSW.JO,Sibanye Stillwater Limited,1541,Johannesburg,JNB,stock
GFI.JO,Gold Fields Limited,34870,Johannesburg,JNB,stock
DSY.JO,Discovery Limited,20800,Johannesburg,JNB,stock
AEL.JO,Altron Limited,2037,Johannesburg,JNB,stock
BOX.JO,Boxer Retail Ltd.,6675,Johannesburg,JNB,stock
REM.JO,Remgro Limited,14697,Johannesburg,JNB,stock
MSP.JO,MAS P.L.C.,2140,Johannesburg,JNB,stock
MTH.JO,Motus Holdings Limited,8937,Johannesburg,JNB,stock
ADH.JO,ADvTECH Limited,3175,Johannesburg,JNB,stock
NTC.JO,Netcare Limited,1367,Johannesburg,JNB,stock
MTN.JO,MTN Group Limited,11805,Johannesburg,JNB,stock
HAR.JO,Harmony Gold Mining Company Limited,18959,Johannesburg,JNB,stock
DRD.JO,DRDGOLD Limited,2121,Johannesburg,JNB,stock
KIO.JO,Kumba Iron Ore Limited,37000,Johannesburg,JNB,stock
BAW.JO,Barloworld Limited,10222,Johannesburg,JNB,stock
JSE.JO,JSE Limited,12601,Johannesburg,JNB,stock
WHL.JO,Woolworths Holdings Limited,5832,Johannesburg,JNB,stock
VOD.JO,Vodacom Group Limited,11661,Johannesburg,JNB,stock
APN.JO,Aspen Pharmacare Holdings Limited,18249,Johannesburg,JNB,stock
AMS.JO,Anglo American Platinum Limited,59081,Johannesburg,JNB,stock
PPH.JO,Pepkor Holdings Limited,2540,Johannesburg,JNB,stock
NED.JO,Nedbank Group Limited,28525,Johannesburg,JNB,stock
BVT.JO,The Bidvest Group Limited,24654,Johannesburg,JNB,stock
ANG.JO,AngloGold Ashanti Limited,56074,Johannesburg,JNB,stock
SOL.JO,Sasol Limited,8229,Johannesburg,JNB,stock
GRT.JO,Growthpoint Properties Limited,1268,Johannesburg,JNB,stock
SBK.JO,Standard Bank Group Limited,22110,Johannesburg,JNB,stock
FSR.JO,FirstRand Limited,7217,Johannesburg,JNB,stock
MRP.JO,Mr Price Group Limited,24241,Johannesburg,JNB,stock
ABG.JO,Absa Group Limited,19042,Johannesburg,JNB,stock
RDF.JO,Redefine Properties Limited,440,Johannesburg,JNB,stock
RFG.JO,RFG Holdings Limited,1971,Johannesburg,JNB,stock
ARI.JO,African Rainbow Minerals Limited,14000,Johannesburg,JNB,stock
MRF.JO,Merafe Resources Limited,109,Johannesburg,JNB,stock
RBX.JO,Raubex Group Limited,4240,Johannesburg,JNB,stock
CLH.JO,City Lodge Hotels Limited,409,Johannesburg,JNB,stock
OCT.JO,Octodec Investments Limited,1075,Johannesburg,JNB,stock
BAT.JO,Brait PLC,196,Johannesburg,JNB,stock
TSG.JO,Tsogo Sun Gaming Limited,887,Johannesburg,JNB,stock
FTB.JO,Fairvest Limited,467,Johannesburg,JNB,stock
PIK.JO,Pick n Pay Stores Limited,2787,Johannesburg,JNB,stock
OUT.JO,OUTsurance Group Limited,6919,Johannesburg,JNB,stock
GML.JO,Gemfields Group Limited,151,Johannesburg,JNB,stock
FGL.JO,Finbond Group Limited,76,Johannesburg,JNB,stock
MTA.JO,Metair Investments Limited,600,Johannesburg,JNB,stock
INL.JO,Investec Group,12133,Johannesburg,JNB,stock
AFH.JO,Alexander Forbes Group Holdings Limited,824,Johannesburg,JNB,stock
KAL.JO,Kaap Agri Limited,4400,Johannesburg,JNB,stock
SPG.JO,Super Group Limited,2701,Johannesburg,JNB,stock
EXX.JO,Exxaro Resources Limited,16051,Johannesburg,JNB,stock
LHC.JO,Life Healthcare Group Holdings Limited,1503,Johannesburg,JNB,stock
EQU.JO,Equites Property Fund Limited,1394,Johannesburg,JNB,stock
SDO.JO,Stadio Holdings Limited,763,Johannesburg,JNB,stock
SAP.JO,Sappi Limited,4244,Johannesburg,JNB,stock
NPN.JO,Naspers Limited,452500,Johannesburg,JNB,stock
AIP.JO,Adcock Ingram Holdings Limited,5600,Johannesburg,JNB,stock
HCI.JO,Hosken Consolidated Investments Limited,13960,Johannesburg,JNB,stock
DCP.JO,Dis-Chem Pharmacies Limited,3255,Johannesburg,JNB,stock
AFE.JO,AECI Ltd,9500,Johannesburg,JNB,stock
MTM.JO,Momentum Metropolitan Holdings Limited,2994,Johannesburg,JNB,stock
SHG.JO,Sea Harvest Group Limited,650,Johannesburg,JNB,stock
TBS.JO,Tiger Brands Limited,26900,Johannesburg,JNB,stock
HYP.JO,Hyprop Investments Limited,4203,Johannesburg,JNB,stock
BID.JO,Bid Corporation Limited,45326,Johannesburg,JNB,stock
BLU.JO,Blue Label Telecoms Limited,769,Johannesburg,JNB,stock
HDC.JO,Hudaco Industries Limited,19300,Johannesburg,JNB,stock
BRN.JO,Brimstone Investment Corporation Limited,451,Johannesburg,JNB,stock
SEP.JO,Sephaku Holdings Limited,155,Johannesburg,JNB,stock
HLM.JO,Hulamin Limited,249,Johannesburg,JNB,stock
SPP.JO,The SPAR Group Ltd,13057,Johannesburg,JNB,stock
CKS.JO,Crookes Brothers Limited,3110,Johannesburg,JNB,stock
FBR.JO,Famous Brands Limited,5775,Johannesburg,JNB,stock
IVT.JO,Invicta Holdings Limited,3350,Johannesburg,JNB,stock
AVI.JO,AVI Limited,9260,Johannesburg,JNB,stock
ITE.JO,Italtile Limited,1130,Johannesburg,JNB,stock
CLS.JO,Clicks Group Limited,34581,Johannesburg,JNB,stock
SSS.JO,Stor-Age Property REIT Limited,1443,Johannesburg,JNB,stock
LBR.JO,Libstar Holdings Limited,355,Johannesburg,JNB,stock
CTA.JO,Capital Appreciation Limited,149,Johannesburg,JNB,stock
GPL.JO,Grand Parade Investments Limited,319,Johannesburg,JNB,stock
ARL.JO,Astral Foods Limited,16504,Johannesburg,JNB,stock
TRE.JO,Trencor Limited,103,Johannesburg,JNB,stock
CSB.JO,Cashbuild Limited,18471,Johannesburg,JNB,stock
LTE.JO,Lighthouse Properties plc,791,Johannesburg,JNB,stock
4SI.JO,4Sight Holdings Limited,71,Johannesburg,JNB,stock
LEW.JO,Lewis Group Limited,6800,Johannesburg,JNB,stock
TKG.JO,Telkom SA SOC Limited,3629,Johannesburg,JNB,stock
OCE.JO,Oceana Group Limited,5870,Johannesburg,JNB,stock
TFG.JO,The Foschini Group Limited,13720,Johannesburg,JNB,stock
AEG.JO,Aveng Limited,677,Johannesburg,JNB,stock
OMU.JO,Old Mutual Limited,1254,Johannesburg,JNB,stock
PPE.JO,Purple Group Limited,102,Johannesburg,JNB,stock
CAA.JO,CA Sales Holdings Limited,1589,Johannesburg,JNB,stock
CAT.JO,Caxton and CTP Publishers and Printers Limited,1207,Johannesburg,JNB,stock
DTC.JO,Datatec Limited,4861,Johannesburg,JNB,stock
CPI.JO,Capitec Bank Holdings Limited,308327,Johannesburg,JNB,stock
ATT.JO,Attacq Limited,1295,Johannesburg,JNB,stock
NPK.JO,Nampak Limited,42884,Johannesburg,JNB,stock
WBO.JO,Wilson Bayly Holmes-Ovcon Limited,18966,Johannesburg,JNB,stock
RES.JO,Resilient REIT Limited,5880,Johannesburg,JNB,stock
CHP.JO,Choppies Enterprises Limited,78,Johannesburg,JNB,stock
TRU.JO,Truworths International Limited,7877,Johannesburg,JNB,stock
SNT.JO,Santam Ltd,39852,Johannesburg,JNB,stock
GND.JO,Grindrod Limited,1332,Johannesburg,JNB,stock
COH.JO,Curro Holdings Limited,1115,Johannesburg,JNB,stock
RLO.JO,Reunert Limited,6471,Johannesburg,JNB,stock
THA.JO,Tharisa plc,1300,Johannesburg,JNB,stock
DIB.JO,Dipula Income Fund Limited,523,Johannesburg,JNB,trust
SLM.JO,Sanlam Limited,8700,Johannesburg,JNB,stock
JBL.JO,Jubilee Metals Group PLC,82,Johannesburg,JNB,stock
FFB.JO,Fortress REIT Limited,1942,Johannesburg,JNB,stock
NRP.JO,NEPI Rockcastle S.A.,13527,Johannesburg,JNB,stock
AFT.JO,Afrimat Limited,5942,Johannesburg,JNB,stock
SAC.JO,SA Corporate Real Estate Limited,285,Johannesburg,JNB,stock
KST.JO,PSG Konsult Limited,1795,Johannesburg,JNB,stock
RCL.JO,RCL Foods Limited,1059,Johannesburg,JNB,stock
MCG.JO,MultiChoice Group Limited,10526,Johannesburg,JNB,stock
KAP.JO,KAP Industrial Holdings Limited,297,Johannesburg,JNB,stock
TCP.JO,Transaction Capital Limited,230,Johannesburg,JNB,stock
EMI.JO,Emira Property Fund Limited,1081,Johannesburg,JNB,stock
NY1.JO,Ninety One Group,3337,Johannesburg,JNB,stock
ACT.JO,AfroCentric Investment Corporation Limited,135,Johannesburg,JNB,stock
ZZD.JO,Zeda Limited,1140,Johannesburg,JNB,stock
CML.JO,Coronation Fund Managers Limited,3920,Johannesburg,JNB,trust
VKE.JO,Vukile Property Fund Limited,1732,Johannesburg,JNB,stock
ACL.JO,ArcelorMittal South Africa Ltd,68,Johannesburg,JNB,stock
OMN.JO,Omnia Holdings Limited,6508,Johannesburg,JNB,stock
SUI.JO,Sun International Limited,3799,Johannesburg,JNB,stock
SEA.JO,Spear Reit Limited,961,Johannesburg,JNB,stock
TRL.JO,Trellidor Holdings Limited,205,Johannesburg,JNB,stock
REN.JO,Renergen Limited,363,Johannesburg,JNB,stock
STXWDM.JO,Satrix MSCI World ETF,10319,Johannesburg,JNB,etf
ACS.JO,Acsion Limited,700,Johannesburg,JNB,stock
ETF5IT.JO,1nvest S&P500 Info Tech Feeder ETF,2961,Johannesburg,JNB,etf
STX40.JO,Satrix 40 ETF,8028,Johannesburg,JNB,etf
MPT.JO,Mpact Limited,2816,Johannesburg,JNB,stock
STXCHN.JO,Satrix MSCI China Feeder ETF,4940,Johannesburg,JNB,etf
SUR.JO,Spur Corporation Ltd,3211,Johannesburg,JNB,stock
SYGEMF.JO,Sygnia Itrix MSCI Emerging Markets 50 ETF,1999,Johannesburg,JNB,etf
STXNDQ.JO,Satrix Nasdaq 100 ETF,22317,Johannesburg,JNB,etf
GLD.JO,NewGold Issuer Limited,49622,Johannesburg,JNB,stock
CSPROP.JO,CoreShares SA Property Income ETF,1270,Johannesburg,JNB,etf
AIL.JO,African Rainbow Capital Investments Limited,798,Johannesburg,JNB,stock
BEL.JO,Bell Equipment Limited,3715,Johannesburg,JNB,stock
SYG500.JO,Sygnia Itrix S&P 500 ETF,11254,Johannesburg,JNB,etf
HIL.JO,HomeChoice International plc,2800,Johannesburg,JNB,stock
FNBT40.JO,FNB Top40 ETF,8047,Johannesburg,JNB,etf
ADR.JO,Adcorp Holdings Limited,459,Johannesburg,JNB,stock
SYGJP.JO,Sygnia Itrix MSCI Japan ETF,2072,Johannesburg,JNB,etf
BWN.JO,Balwin Properties Limited,196,Johannesburg,JNB,stock
SYGT40.JO,Sygnia Itrix Top 40 ETF,8081,Johannesburg,JNB,etf
STXPRO.JO,Satrix Property ETF,1097,Johannesburg,JNB,etf
SYGWD.JO,Sygnia Itrix MSCI World ETF,7194,Johannesburg,JNB,etf
ZED.JO,Zeder Investments Ltd.,154,Johannesburg,JNB,stock
STXDIV.JO,Satrix Divi Plus ETF,254,Johannesburg,JNB,etf
CSP500.JO,10X S&P 500 ETF,11168,Johannesburg,JNB,etf
SOH.JO,South Ocean Holdings Limited,189,Johannesburg,JNB,stock
AME.JO,African Media Entertainment Limited,3804,Johannesburg,JNB,stock
VUN.JO,Vunani Limited,190,Johannesburg,JNB,stock
SSK.JO,Stefanutti Stocks Holdings Limited,374,Johannesburg,JNB,stock
ETFSAP.JO,1nvest SA Property ETF,3843,Johannesburg,JNB,etf
ASC.JO,Ascendis Health Limited,84,Johannesburg,JNB,stock
APH.JO,Alphamin Resources Corp.,1290,Johannesburg,JNB,stock
STXNDA.JO,Satrix MSCI India Feeder ETF,7769,Johannesburg,JNB,etf
LAB.JO,Labat Africa Limited,8,Johannesburg,JNB,stock
STXRAF.JO,Satrix RAFI 40 ETF,2424,Johannesburg,JNB,etf
STXIFR.JO,Satrix Global Infrastructure Feeder ETF,6293,Johannesburg,JNB,etf
MDI.JO,Master Drilling Group Limited,1399,Johannesburg,JNB,stock
BCF.JO,Bowler Metcalf Limited,1350,Johannesburg,JNB,stock
RHB.JO,RH Bophelo Limited,120,Johannesburg,JNB,stock
MFL.JO,Metrofile Holdings Limited,131,Johannesburg,JNB,stock
FTH.JO,Frontier Transport Holdings Limited,690,Johannesburg,JNB,stock
STXGBD.JO,Satrix Global Aggregate Bond Feeder Portfolio,4040,Johannesburg,JNB,stock
SYG.JO,Sygnia Limited,2317,Johannesburg,JNB,stock
MST.JO,Mustek Limited,1405,Johannesburg,JNB,stock
SYGP.JO,Sygnia Itrix Global Property ETF,5223,Johannesburg,JNB,etf
QFH.JO,Quantum Foods Holdings Ltd,629,Johannesburg,JNB,stock
ART.JO,Argent Industrial Limited,2550,Johannesburg,JNB,stock
NWL.JO,Nu-World Holdings Limited,2800,Johannesburg,JNB,stock
SNV.JO,Santova Limited,762,Johannesburg,JNB,stock
CMH.JO,Combined Motor Holdings Limited,3048,Johannesburg,JNB,stock
WEZ.JO,Wesizwe Platinum Limited,45,Johannesburg,JNB,stock
YRK.JO,York Timber Holdings Limited,227,Johannesburg,JNB,stock
CGR.JO,Calgro M3 Holdings Limited,530,Johannesburg,JNB,stock
NVS.JO,Novus Holdings Limited,686,Johannesburg,JNB,stock
ISB.JO,Insimbi Industrial Holdings Limited,60,Johannesburg,JNB,stock
ARA.JO,Astoria Investments Ltd,850,Johannesburg,JNB,stock
CLI.JO,Clientèle Limited,1275,Johannesburg,JNB,stock
SEB.JO,Sebata Holdings Limited,95,Johannesburg,JNB,stock
ENX.JO,enX Group Limited,545,Johannesburg,JNB,stock
EPE.JO,EPE Capital Partners Ltd,490,Johannesburg,JNB,stock
TPC.JO,Transpaco Limited,3651,Johannesburg,JNB,stock
MHB.JO,Mahube Infrastructure Limited,400,Johannesburg,JNB,stock
SBP.JO,Sabvest Capital Limited,9000,Johannesburg,JNB,stock
BIK.JO,Brikor Limited,14,Johannesburg,JNB,stock
ISA.JO,ISA Holdings Limited,189,Johannesburg,JNB,stock
PBG.JO,PBT Group Limited,560,Johannesburg,JNB,stock
VIS.JO,Visual International Holdings Limited,2,Johannesburg,JNB,stock
PMV.JO,Primeserv Group Limited,250,Johannesburg,JNB,stock
EMH.JO,eMedia Holdings Limited,352,Johannesburg,JNB,stock
ADW.JO,African Dawn Capital Limited,8,Johannesburg,JNB,stock
CCC.JO,Cilo Cybin Holdings Ltd,424,Johannesburg,JNB,stock
RNG.JO,Randgold & Exploration Company Limited,75,Johannesburg,JNB,stock
TMT.JO,Trematon Capital Investments Limited,200,Johannesburg,JNB,stock
HUG.JO,Huge Group Limited,190,Johannesburg,JNB,stock
PPR.JO,Putprop Limited,340,Johannesburg,JNB,stock
MMP.JO,Marshall Monteagle PLC,2900,Johannesburg,JNB,stock
DNB.JO,Deneb Investments Limited,220,Johannesburg,JNB,stock
NCS.JO,Nictus Limited,198,Johannesburg,JNB,stock
TLM.JO,TeleMasters Holdings Limited,135,Johannesburg,JNB,stock
AYO.JO,AYO Technology Solutions Limited,40,Johannesburg,JNB,stock
WKF.JO,Workforce Holdings Limited,154,Johannesburg,JNB,stock
SLG.JO,Salungano Group Limited,50,Johannesburg,JNB,stock
ELI.JO,Ellies Holdings Limited,1,Johannesburg,JNB,stock
MUR.JO,Murray & Roberts Holdings Limited,110,Johannesburg,JNB,stock
PSG.JO,PSG Group Ltd,2295,Johannesburg,JNB,stock
TTO.JO,Trustco Group Holdings Limited,30,Johannesburg,JNB,stock
APO.JO,aReit Prop Limited,299,Johannesburg,JNB,stock
TON.JO,Tongaat Hulett Limited,404,Johannesburg,JNB,stock
AHL.JO,AH-Vest Limited,14,Johannesburg,JNB,stock
GLI.JO,Go Life International Limited,1,Johannesburg,JNB,stock
AEE.JO,African Equity Empowerment Investments Limited,112,Johannesburg,JNB,stock
ATI.JO,Afristrat Investment Holdings Limited,12,Johannesburg,JNB,stock
ARH.JO,ARB Holdings Limited,845,Johannesburg,JNB,stock
AVV.JO,Alviva Holdings Limited,2791,Johannesburg,JNB,stock
BAU.JO,Bauba Resources Limited,41,Johannesburg,JNB,stock
AVL.JO,Advanced Health Limited,99,Johannesburg,JNB,stock
BUC.JO,Buffalo Coal Corp.,10,Johannesburg,JNB,stock
CGN.JO,Cognition Holdings Limited,103,Johannesburg,JNB,stock
CMO.JO,Chrometco Limited,6,Johannesburg,JNB,stock
DGH.JO,Distell Group Holdings Limited,18050,Johannesburg,JNB,stock
EOH.JO,EOH Holdings Limited,237,Johannesburg,JNB,stock
FFA.JO,Fortress REIT Limited,1528,Johannesburg,JNB,stock
ETO.JO,Etion Limited,56,Johannesburg,JNB,stock
ILE.JO,Buka Investments Limited,2,Johannesburg,JNB,stock
IPF.JO,Investec Property Fund Limited,719,Johannesburg,JNB,stock
JSC.JO,Jasco Electronics Holdings Limited,14,Johannesburg,JNB,stock
L4L.JO,Long4life Limited,621,Johannesburg,JNB,stock
LUX.JO,Luxe Holdings Limited,312,Johannesburg,JNB,stock
MEI.JO,Mediclinic International plc,11830,Johannesburg,JNB,stock
MIX.JO,MiX Telematics Limited,1100,Johannesburg,JNB,stock
MSM.JO,Massmart Holdings Limited,6188,Johannesburg,JNB,stock
OLG.JO,OneLogix Group Limited,329,Johannesburg,JNB,stock
RBP.JO,Royal Bafokeng Platinum Limited,12750,Johannesburg,JNB,stock
RMI.JO,Rand Merchant Investment Holdings Limited,2855,Johannesburg,JNB,stock
SFN.JO,Sasfin Holdings Limited,1040,Johannesburg,JNB,stock
SNH.JO,Steinhoff International Holdings N.V.,1,Johannesburg,JNB,stock
SVB.JO,SilverBridge Holdings Limited,190,Johannesburg,JNB,stock
TDH.JO,Tradehold Limited,798,Johannesburg,JNB,stock
TGO.JO,Tsogo Sun Hotels Limited,368,Johannesburg,JNB,stock
CND.JO,Conduit Capital Limited,4,Johannesburg,JNB,stock
PFB.JO,Premier Fishing & Brands Limited,157,Johannesburg,JNB,stock
