,Company,Rev Growth,NI Growth,EV/EBITDA,EV/Rev,EBITDA Margin,Operating Margin,Debt/Equity,PE,ROE,ROA,Industry,Sector,Name,Beta,Trailing PEG Ratio,Revenue,EBITDA
0,IMP.JO,-0.026,0.15,0.15,0.15,0.09042,0.04681,3.774,,-0.15966,0.00141,other-precious-metals-mining,basic-materials,Impala Platinum Holdings Limited,1.49,,85252997120.0,7709000192.0
1,TGA.JO,0.167,-0.579,-0.579,-0.579,0.18664,0.06483,0.513,4.665008,0.13350001,0.06021,thermal-coal,energy,Thungela Resources Limited,-0.901,,33027000320.0,6163999744.0
2,NPH.JO,-0.031,-0.165,-0.165,-0.165,0.16014999,0.07453,33.805,27.304688,0.049429998,0.038829997,other-precious-metals-mining,basic-materials,Northam Platinum Holdings Limited,,,30306166784.0,4853420032.0
3,RMH.JO,-0.985,,,,0.0,-7.33333,,,,,banks-regional,financial-services,RMB Holdings Limited,-0.014,,-3000000.0,
4,SHP.JO,0.101,0.05,0.05,0.05,0.06268,0.05069,178.059,23.04326,0.24232,0.06945,department-stores,consumer-cyclical,Shoprite Holdings Ltd,0.126,,240718004224.0,15088000000.0
5,PPC.JO,-0.042,-0.079,-0.079,-0.079,0.120170005,0.09907,12.12,45.0,0.022809999,0.04188,building-materials,basic-materials,PPC Ltd,0.975,,9836000256.0,1182000000.0
6,SSW.JO,0.072,,,,0.0014599999,-0.16232,87.111,,-0.11432,-0.03847,other-precious-metals-mining,basic-materials,Sibanye Stillwater Limited,1.299,,112128999424.0,164000000.0
7,GFI.JO,,,,,0.51061,0.44709,54.888,26.598019,0.25844,0.13804,gold,basic-materials,Gold Fields Limited,0.765,,5201600000.0,2656000000.0
8,DSY.JO,0.099,0.215,0.215,0.215,0.15944,0.14022,37.579,19.330854,0.13708,0.02832,insurance-life,financial-services,Discovery Limited,1.01,,79654002688.0,12700000256.0
9,AEL.JO,-0.015,,,,0.1752,0.09751,39.698,12.496933,0.16203,0.06819,information-technology-services,technology,Altron Limited,0.068,,8264999936.0,1448000000.0
10,BOX.JO,0.12,0.113,0.113,0.113,0.06979,0.04091,239.662,24.361313,,,department-stores,consumer-cyclical,,,,39530999808.0,2759000064.0
11,REM.JO,0.042,-0.357,-0.357,-0.357,0.07266,0.04754,5.528,103.50001,0.01058,0.011519999,asset-management,financial-services,Remgro Limited,0.447,,50424000512.0,3664000000.0
12,MSP.JO,0.067,1.043,1.043,1.043,0.62880003,0.62233,43.99,6.3880596,0.118140005,0.024130002,real-estate-diversified,real-estate,MAS P.L.C.,0.719,,95794000.0,60235000.0
13,MTH.JO,-0.017,0.012,0.012,0.012,0.06418,0.04379,157.223,6.3473015,0.13594,0.050180003,auto-truck-dealerships,consumer-cyclical,Motus Holdings Limited,1.019,,112771997696.0,7238000128.0
14,ADH.JO,0.087,0.164,0.164,0.164,0.23179,0.20245,34.027,16.97861,0.19578,0.10694,education-training-services,consumer-defensive,ADvTECH Limited,0.574,,8202100224.0,1901200000.0
15,NTC.JO,0.083,0.26,0.26,0.26,0.15574001,0.124239996,115.284,12.541285,0.14055,0.06887,medical-care-facilities,healthcare,Netcare Limited,0.319,,25201999872.0,3924999936.0
16,MTN.JO,-0.196,,,,0.34944,0.22681999,111.214,,-0.08007,0.06784,telecom-services,communication-services,MTN Group Limited,1.055,,199158005760.0,69593997312.0
17,HAR.JO,0.152,-0.128,-0.128,-0.128,0.30585,0.23087999,5.617,13.89956,0.22915001,0.15271,gold,basic-materials,Harmony Gold Mining Company Limited,1.345,,61378998272.0,18773000192.0
18,DRD.JO,0.278,0.646,0.646,0.646,0.35584,0.31891,0.289,10.712121,0.24454,0.14152001,gold,basic-materials,DRDGOLD Limited,1.14,,7067800064.0,2515000064.0
19,KIO.JO,-0.318,-0.423,-0.423,-0.423,0.40113997,0.2996,3.169,8.09628,0.28032,0.1436,steel,basic-materials,Kumba Iron Ore Limited,1.085,,68529000448.0,27490000896.0
20,BAW.JO,,,,,0.12284,0.09568,81.183,10.100791,0.116569996,0.05742,rental-leasing-services,industrials,Barloworld Limited,0.413,,41907998720.0,5148000256.0
21,JSE.JO,0.043,0.001,0.001,0.001,0.30418,0.33344,2.318,12.563311,0.20319,0.00852,financial-data-stock-exchanges,financial-services,JSE Limited,0.302,,2880617984.0,876240000.0
22,WHL.JO,,,,,0.08406,0.05711,165.806,20.39161,0.22660999,0.08615,department-stores,consumer-cyclical,Woolworths Holdings Limited,0.584,,76532998144.0,6432999936.0
23,VOD.JO,0.01,-0.179,-0.179,-0.179,0.36556,0.20812,80.93,15.527297,0.17891,0.089099996,telecom-services,communication-services,Vodacom Group Limited,0.193,,151333994496.0,55321001984.0
24,APN.JO,0.093,-0.181,-0.181,-0.181,0.23042,0.22881001,42.958,18.414734,0.05148,0.04065,drug-manufacturers-specialty-generic,healthcare,Aspen Pharmacare Holdings Limited,0.575,,44706000896.0,10300999680.0
25,AMS.JO,-0.052,-0.861,-0.861,-0.861,0.21564,0.09531,8.478,22.053377,0.07314,0.058319997,other-precious-metals-mining,basic-materials,Anglo American Platinum Limited,1.095,,108986998784.0,23502000128.0
26,PPH.JO,0.062,,,,0.13119,0.10993,42.212,40.31746,0.03973,0.05612,department-stores,consumer-cyclical,Pepkor Holdings Limited,0.656,,85135998976.0,11169000448.0
27,NED.JO,0.066,0.119,0.119,0.119,0.0,0.34728,,8.638703,0.14918,0.013200001,banks-regional,financial-services,Nedbank Group Limited,1.147,,62889000960.0,
28,BVT.JO,0.047,0.09,0.09,0.09,0.11598,0.09017,95.59,13.19101,0.18090999,0.065960005,conglomerates,industrials,The Bidvest Group Limited,0.487,,122615988224.0,14221392896.0
29,ANG.JO,0.393,13.714,13.714,13.714,0.396,0.32856998,25.881,13.025319,0.17398001,0.09201,gold,basic-materials,AngloGold Ashanti plc,0.924,,5792999936.0,2294000128.0
30,SOL.JO,-0.104,-0.471,-0.471,-0.471,0.20136,0.11812,87.996,,-0.27458,0.06235,specialty-chemicals,basic-materials,Sasol Limited,2.092,,260927995904.0,52541001728.0
31,GRT.JO,0.056,1.269,1.269,1.269,0.60517,0.57787997,85.664,34.27027,-0.0014,0.03221,reit-diversified,real-estate,Growthpoint Properties Limited,0.856,,14401000448.0,8714999808.0
32,SBK.JO,0.02,-0.018,-0.018,-0.018,0.0,0.40917,,8.4680195,0.18087,0.0163,banks-regional,financial-services,Standard Bank Group Limited,0.775,,162938994688.0,
33,FSR.JO,0.05,0.015,0.015,0.015,0.0,0.36782002,,10.582111,0.19787,0.01765,banks-diversified,financial-services,FirstRand Limited,0.738,,126952996864.0,
34,MRP.JO,0.051,0.067,0.067,0.067,0.15267,0.11404,65.065,0.19499032,0.25707,0.107580006,apparel-retail,consumer-cyclical,Mr Price Group Limited,0.848,,38428999680.0,5866999808.0
35,ABG.JO,0.04,-0.086,-0.086,-0.086,0.0,0.34314,,8.348093,0.13249,0.0114,banks-regional,financial-services,Absa Group Limited,0.93,,90866999296.0,
36,RDF.JO,0.069,3.43,3.43,3.43,0.53599,0.53166,81.392,7.457628,0.075430006,0.0354,reit-diversified,real-estate,Redefine Properties Limited,1.233,,10659123200.0,5713203200.0
37,RFG.JO,0.0,0.165,0.165,0.165,0.13584,0.10541,16.778,9.210279,0.15604,0.09008,packaged-foods,consumer-defensive,RFG Holdings Limited,0.124,,8006341120.0,1087617024.0
38,ARI.JO,-0.053,-0.476,-0.476,-0.476,0.08986,-0.06514,1.944,8.739076,0.04092,-0.00162,other-industrial-metals-mining,basic-materials,African Rainbow Minerals Limited,1.059,,11418000384.0,1026000000.0
39,MRF.JO,-0.004,-0.314,-0.314,-0.314,0.21016,0.20556,0.132,1.9122808,0.27166998,0.15328,other-industrial-metals-mining,basic-materials,Merafe Resources Limited,0.409,,9223939072.0,1938465024.0
40,RBX.JO,0.297,0.468,0.468,0.468,0.12021,0.07725,33.018,7.6122084,0.18871,0.078099996,engineering-construction,industrials,Raubex Group Limited,0.382,,19934337024.0,2396235008.0
41,CLH.JO,0.02,0.155,0.155,0.155,0.24229,0.2165,124.374,11.361111,0.16770001,0.08172,lodging,consumer-cyclical,City Lodge Hotels Limited,0.937,,1962333056.0,475444992.0
42,OCT.JO,0.053,-0.533,-0.533,-0.533,0.39529,0.38365,68.889,13.271605,0.03329,0.044910002,reit-diversified,real-estate,Octodec Investments Limited,0.807,,2083060992.0,823416000.0
43,BAT.JO,3.828,72.392,72.392,72.392,0.0,0.91759,22.406,6.758621,0.04439,0.03506,asset-management,financial-services,Brait PLC,0.262,,918000000.0,
44,TSG.JO,-0.046,-0.185,-0.185,-0.185,0.32057,0.23722,156.17,6.7709928,0.27647,0.11419,resorts-casinos,consumer-cyclical,Tsogo Sun Limited,1.615,,11176999936.0,3583000064.0
45,FTB.JO,0.097,0.635,0.635,0.635,0.51804,0.50870997,53.791,3.0723686,0.11843,0.05195,reit-retail,real-estate,Fairvest Limited,0.273,,2051358976.0,1062676992.0
46,PIK.JO,0.041,,,,0.021440001,0.0059399996,902.948,,-1.29064,0.01349,department-stores,consumer-cyclical,Pick n Pay Stores Limited,0.09,,117194899456.0,2513200128.0
47,OUT.JO,0.186,0.432,0.432,0.432,0.20115,0.22344999,7.493,26.50958,0.29631,0.13211,insurance-diversified,financial-services,OUTsurance Group Limited,0.627,,34133000192.0,6865999872.0
48,GML.JO,-0.167,-0.25,-0.25,-0.25,0.23973,0.23482999,13.855,,-0.01363,0.02458,other-precious-metals-mining,basic-materials,Gemfields Group Limited,0.154,,236363008.0,56663000.0
49,FGL.JO,0.075,,,,0.29610002,0.44265997,456.394,,,,mortgage-finance,financial-services,Finbond Group Limited,0.836,,1623360000.0,480678016.0
50,MTA.JO,0.041,,,,0.05243,0.01687,76.918,,0.00425,0.02003,auto-parts,consumer-cyclical,Metair Investments Limited,0.7,,16168674304.0,847694016.0
51,INL.JO,0.047,-0.473,-0.473,-0.473,0.0,0.44,,13.40663,0.12622,0.01193,banks-regional,financial-services,Investec Group,1.078,,1956451968.0,
52,AFH.JO,0.109,0.056,0.056,0.056,0.17542,0.16169001,28.444,17.913042,0.14957,0.00124,financial-conglomerates,financial-services,Alexander Forbes Group Holdings Limited,-0.096,,5329999872.0,935000000.0
53,KAL.JO,-0.061,-0.318,-0.318,-0.318,0.034679998,0.019960001,79.324,7.8291817,0.13948,0.05051,specialty-retail,consumer-cyclical,KAL Group Limited,0.608,,21734924288.0,753833024.0
54,SPG.JO,-0.02,,,,0.11889,0.056399997,199.99,207.76924,0.0326,0.03161,integrated-freight-logistics,industrials,Super Group Limited,0.657,,64899035136.0,7716013056.0
55,EXX.JO,0.002,-0.376,-0.376,-0.376,0.26004,0.18561001,13.407,4.282551,0.18313,0.05113,thermal-coal,energy,Exxaro Resources Limited,0.526,,38735998976.0,10072999936.0
56,LHC.JO,0.171,,,,0.15416001,0.13607,32.714,10.891304,0.12579,0.05355,medical-care-facilities,healthcare,Life Healthcare Group Holdings Limited,0.236,,25791000576.0,3976000000.0
57,EQU.JO,0.62,-0.555,-0.555,-0.555,0.55279,0.47516,74.36,12.0172415,0.079169996,0.03709,reit-industrial,real-estate,Equites Property Fund Limited,0.308,,3247496960.0,1795186944.0
58,SDO.JO,0.158,0.211,0.211,0.211,0.24356002,0.23649,6.226,28.259258,0.13375,0.086260006,education-training-services,consumer-defensive,Stadio Holdings Limited,0.676,,1526139008.0,371712000.0
59,SAP.JO,0.072,,,,0.14093,0.08804,68.631,5.5989447,0.096990004,0.05669,paper-paper-products,basic-materials,Sappi Limited,0.389,,5549000192.0,782000000.0
60,NPN.JO,0.145,0.442,0.442,0.442,-0.025339998,0.03282,35.248,13.306476,0.17908001,-0.0035299999,internet-content-information,communication-services,Naspers Limited,0.738,,6866999808.0,-174000000.0
61,AIP.JO,-0.006,-0.088,-0.088,-0.088,0.12865,0.103369996,17.486,11.155378,0.13785,0.07904,drug-manufacturers-specialty-generic,healthcare,Adcock Ingram Holdings Limited,0.28,,9616937984.0,1237242496.0
62,HCI.JO,-0.019,0.252,0.252,0.252,0.24455999,0.17718,48.907,12.795601,0.02918,0.05252,conglomerates,industrials,Hosken Consolidated Investments Limited,0.799,,23503013888.0,5747801088.0
63,DCP.JO,0.096,0.154,0.154,0.154,0.06199,0.05274,110.668,26.25,0.24283001,0.06947,pharmaceutical-retailers,healthcare,Dis-Chem Pharmacies Limited,0.124,,37990080512.0,2354874112.0
64,AFE.JO,,,,,0.07503,0.04596,50.87,36.12167,0.024920002,0.03497,specialty-chemicals,basic-materials,AECI Ltd,0.475,,33597999104.0,2520999936.0
65,MTM.JO,-0.085,0.62,0.62,0.62,0.19499001,0.15788999,34.518,10.847826,0.13359,0.00974,insurance-diversified,financial-services,Momentum Group Limited,0.445,,56033001472.0,10926000128.0
66,SHG.JO,0.031,-0.211,-0.211,-0.211,0.12847,0.08592,93.528,7.7380953,0.0704,0.03664,farm-products,consumer-defensive,Sea Harvest Group Limited,0.308,,6304769024.0,809996992.0
67,TBS.JO,0.024,0.074,0.074,0.074,0.10241,0.09724,6.826,14.540541,0.16649,0.0744,packaged-foods,consumer-defensive,Tiger Brands Limited,-0.156,,37662199808.0,3857100032.0
68,HYP.JO,,,,,0.56534,0.5471,63.371,7.099662,0.09784,0.03712,reit-retail,real-estate,Hyprop Investments Limited,0.954,,4484812800.0,2535456000.0
69,BID.JO,0.036,-0.02,-0.02,-0.02,0.0621,0.05197,51.82,19.205933,0.18671,0.072340004,food-distribution,consumer-defensive,Bid Corporation Limited,0.735,,230050463744.0,14285691904.0
70,BLU.JO,-0.044,-0.033,-0.033,-0.033,0.067719996,0.06251,80.374,10.830986,0.12461001,0.02774,telecom-services,communication-services,Blue Label Telecoms Limited,0.937,,13941653504.0,944091008.0
71,HDC.JO,-0.054,-0.187,-0.187,-0.187,0.12901,0.1349,37.995,11.066513,0.15397,0.09769,industrial-distribution,industrials,Hudaco Industries Limited,0.428,,8378999808.0,1080999936.0
72,BRN.JO,-0.387,,,,0.10784,0.031040002,60.195,,-0.01253,0.01986,packaged-foods,consumer-defensive,Brimstone Investment Corporation Limited,0.161,,5234207744.0,564478528.0
73,SEP.JO,-0.02,0.797,0.797,0.797,0.0795,0.06548,12.121,4.6969695,0.06525,0.02859,building-materials,basic-materials,Sephaku Holdings Limited,0.952,,1150807040.0,91486656.0
74,HLM.JO,-0.059,-0.125,-0.125,-0.125,0.04586,0.06229,40.755,3.4583333,0.06384,0.042290002,metal-fabrication,industrials,Hulamin Limited,0.845,,13358619648.0,612590976.0
75,SPP.JO,,,,,0.02555,0.01941,234.243,15.253505,0.16007,0.03053,food-distribution,consumer-defensive,The SPAR Group Ltd,0.078,,152337498112.0,3891599872.0
76,CKS.JO,0.058,-0.241,-0.241,-0.241,0.21322,0.18212,36.5,19.079756,0.04468,0.0322,farm-products,consumer-defensive,Crookes Brothers Limited,0.036,,756209984.0,161238000.0
77,FBR.JO,0.02,0.111,0.111,0.111,0.114930004,0.091400005,132.824,12.056368,0.48988998,0.14332,food-distribution,consumer-defensive,Famous Brands Limited,1.255,,8100833792.0,930990976.0
78,IVT.JO,0.019,-0.175,-0.175,-0.175,0.098500006,0.09217,39.919,7.298475,0.09814999,0.0506,industrial-distribution,industrials,Invicta Holdings Limited,1.113,,8353417216.0,822804992.0
79,AVI.JO,0.055,0.286,0.286,0.286,0.23212999,0.20053,30.633,13.718518,0.41419,0.20139,packaged-foods,consumer-defensive,AVI Limited,0.19,,15862299648.0,3682099968.0
80,ITE.JO,0.021,0.03,0.03,0.03,0.27438,0.2173,11.588,9.262295,0.18556999,0.1282,home-improvement-retail,consumer-cyclical,Italtile Limited,0.196,,9063999488.0,2487000064.0
81,CLS.JO,0.093,0.153,0.153,0.153,0.10444,0.09758,60.238,29.084103,0.46318,0.13077,pharmaceutical-retailers,healthcare,Clicks Group Limited,0.12,,45437640704.0,4745470976.0
82,SSS.JO,0.071,1.374,1.374,1.374,0.60986,0.61466,54.335,5.7490044,0.15731,0.03925,reit-industrial,real-estate,Stor-Age Property REIT Limited,0.089,,1336685952.0,815190976.0
83,LBR.JO,0.052,0.31,0.31,0.31,0.07448,0.034730002,44.949,8.658537,0.04733,0.03733,packaged-foods,consumer-defensive,Libstar Holdings Limited,0.176,,12671832064.0,943848000.0
84,CTA.JO,0.104,-0.099,-0.099,-0.099,0.18093,0.14656,1.89,12.416667,0.10446,0.06777,information-technology-services,technology,Capital Appreciation Limited,0.72,,1239366016.0,224244000.0
85,GPL.JO,,,,,0.0,4.25175,0.25,17.722221,0.07233,-0.030720001,restaurants,consumer-cyclical,Grand Parade Investments Limited,0.076,,1437000.0,-55621000.0
86,ARL.JO,0.089,,,,0.05218,0.03147,19.676,8.511604,0.17166,0.057930004,farm-products,consumer-defensive,Astral Foods Limited,0.082,,20479784960.0,1068664000.0
87,TRE.JO,,-0.848,-0.848,-0.848,0.0,0.0,,6.058823,0.020539999,-0.00834,shell-companies,financial-services,Trencor Limited,-0.594,,,
88,CSB.JO,0.08,,,,0.03059,0.00457,83.597,46.64394,0.046240002,0.01972,home-improvement-retail,consumer-cyclical,Cashbuild Limited,0.623,,11191654400.0,342382016.0
89,LTE.JO,0.267,-0.305,-0.305,-0.305,0.0,0.54653,51.197,1.805936,0.66263,0.03337,real-estate-services,real-estate,Lighthouse Properties p.l.c.,0.716,,105017608.0,
90,4SI.JO,,,,,0.03578,0.065630004,3.562,14.2,,,information-technology-services,technology,4Sight Holdings Limited,-0.191,,940960448.0,33666008.0
91,LEW.JO,0.136,0.53,0.53,0.53,0.11707,0.11125,50.788,7.0466323,0.112220004,0.071490005,specialty-retail,consumer-cyclical,Lewis Group Limited,0.675,,8706599936.0,1019299968.0
92,TKG.JO,0.03,0.105,0.105,0.105,0.16823,0.0806,70.382,11.898361,0.05815,0.03354,telecom-services,communication-services,Telkom SA SOC Ltd,0.814,,43191001088.0,7265999872.0
93,OCE.JO,-0.085,-0.584,-0.584,-0.584,0.18556999,0.116730005,45.789,6.3943353,0.14203,0.07278,packaged-foods,consumer-defensive,Oceana Group Limited,0.405,,10060999680.0,1867000064.0
94,TFG.JO,-0.02,-0.047,-0.047,-0.047,0.12618,0.09832,91.178,15.076922,0.12659,0.06843,department-stores,consumer-cyclical,The Foschini Group Limited,0.969,,55684599808.0,7026500096.0
95,AEG.JO,-0.081,,,,0.00753,-0.02217,49.172,,-0.0304,-0.00387,engineering-construction,industrials,Aveng Limited,0.419,,2932922880.0,22075000.0
96,OMU.JO,0.085,0.274,0.274,0.274,0.15399,0.18168,42.244,7.0055866,0.13856,0.00839,financial-conglomerates,financial-services,Old Mutual Limited,0.986,,103415996416.0,15925000192.0
97,PPE.JO,0.606,,,,0.0,0.07896,2.028,51.0,0.050869998,0.033210002,financial-conglomerates,financial-services,Purple Group Limited,0.009,,396676992.0,
98,CAA.JO,0.092,-0.312,-0.312,-0.312,0.052600004,0.0507,24.878,15.427185,0.19580999,0.0739,specialty-business-services,industrials,CA Sales Holdings Limited,0.015,,11804640256.0,620865984.0
99,CAT.JO,-0.063,0.11,0.11,0.11,0.11173,0.0629,0.242,6.5956283,0.08755,0.032449998,publishing,communication-services,Caxton and CTP Publishers and Printers Limited,0.1,,6647278080.0,742728000.0
100,DTC.JO,-0.055,0.803,0.803,0.803,0.03135,0.02775,131.136,10.6835165,0.11858,0.02401,information-technology-services,technology,Datatec Limited,-0.172,,5307357184.0,166371008.0
101,CPI.JO,0.356,0.368,0.368,0.368,0.0,0.49081,,28.986273,0.28826,0.0581,banks-regional,financial-services,Capitec Bank Holdings Limited,1.015,,31739219968.0,
102,ATT.JO,-0.054,1.133,1.133,1.133,0.50983,0.52131003,40.503,9.810606,0.08693,0.03664,reit-diversified,real-estate,Attacq Limited,1.005,,2577273088.0,1313966976.0
103,NPK.JO,-0.075,,,,0.14464,0.067940004,419.667,5.7904406,0.37502998,0.06321,packaging-containers,consumer-cyclical,Nampak Limited,1.991,,9956299776.0,1440099968.0
104,WBO.JO,0.059,0.104,0.104,0.104,0.05606,0.045289997,10.416,10.235294,0.24273,0.05193,engineering-construction,industrials,Wilson Bayly Holmes-Ovcon Limited,0.687,,27525576704.0,1543197952.0
105,RES.JO,0.08,0.687,0.687,0.687,0.74273,0.60865,60.625,5.0645995,0.17691,0.078839995,reit-retail,real-estate,Resilient REIT Limited,1.033,,6051655168.0,4494742528.0
106,CHP.JO,0.444,-0.368,-0.368,-0.368,0.04046,0.02489,1033.088,7.090909,1.8427,0.06969,grocery-stores,consumer-defensive,Choppies Enterprises Limited,0.104,,8477000192.0,343000000.0
107,TRU.JO,0.025,-0.078,-0.078,-0.078,0.16317,0.16812,52.932,7.6401544,0.38632,0.100559995,apparel-retail,consumer-cyclical,Truworths International Limited,1.256,,20952999936.0,3419000064.0
108,SNT.JO,0.123,0.341,0.341,0.341,0.11777,0.12880999,38.142,14.727273,0.27968,0.047280002,insurance-specialty,financial-services,Santam Ltd,0.168,,44432998400.0,5232999936.0
109,GND.JO,0.004,0.093,0.093,0.093,0.19767,0.12633,29.042,8.649351,0.11305001,0.03314,integrated-freight-logistics,industrials,Grindrod Limited,0.829,,4855418880.0,959790976.0
110,COH.JO,0.083,0.204,0.204,0.204,0.23194,0.18160999,54.259,79.64285,0.0086900005,0.04423,education-training-services,consumer-defensive,Curro Holdings Limited,0.903,,4914999808.0,1140000000.0
111,RLO.JO,0.03,0.061,0.061,0.061,0.11913,0.11545,19.975,10.608197,0.13198,0.07163,electrical-equipment-parts,industrials,Reunert Limited,0.445,,14446000128.0,1720999936.0
112,THA.JO,0.12,0.447,0.447,0.447,0.24098,0.18912001,13.621,2.6052105,0.113620006,0.06527,other-precious-metals-mining,basic-materials,Tharisa plc,0.853,,721393984.0,173839008.0
113,DIB.JO,0.041,0.647,0.647,0.647,0.56974,0.57477003,59.271,6.2261906,0.1221,0.05073,reit-retail,real-estate,Dipula Income Fund Limited,0.797,,1487463040.0,847465024.0
114,SLM.JO,-0.132,0.231,0.231,0.231,0.41324002,0.38366002,15.558,11.012658,0.19573,0.04413,insurance-life,financial-services,Sanlam Limited,0.865,,179062996992.0,73996001280.0
115,JBL.JO,0.223,-0.973,-0.973,-0.973,0.11332,0.06288,12.065,20.5,0.02466,0.018550001,other-industrial-metals-mining,basic-materials,Jubilee Metals Group PLC,1.477,,205404176.0,23276416.0
116,FFB.JO,-0.077,-0.167,-0.167,-0.167,0.63425,0.58461,74.898,5.3060107,0.08311,0.04375,real-estate-services,real-estate,Fortress Real Estate Investments Limited,1.578,,6266186240.0,3974312960.0
117,NRP.JO,0.095,0.257,0.257,0.257,0.61865,0.61943,62.144,8.046996,0.12755,0.04019,real-estate-diversified,real-estate,NEPI Rockcastle N.V.,1.004,,853360000.0,527932992.0
118,AFT.JO,0.443,-0.091,-0.091,-0.091,0.18972,0.07132,47.91,12.077235,0.17408001,0.07176,building-materials,basic-materials,Afrimat Limited,0.5,,7342957056.0,1393101056.0
119,SAC.JO,0.207,-0.029,-0.029,-0.029,0.44938,0.49231,74.551,5.9375,0.11056,0.041840002,reit-diversified,real-estate,SA Corporate Real Estate Limited,0.915,,2794560000.0,1255822976.0
120,KST.JO,0.167,0.278,0.278,0.278,0.0,0.20568001,4.555,19.725275,0.24685,0.011619999,asset-management,financial-services,PSG Financial Services Limited,0.585,,8368001024.0,
121,RCL.JO,0.019,4.39,4.39,4.39,0.08519,0.10348,16.34,7.9624057,0.09729999,0.04382,packaged-foods,consumer-defensive,RCL Foods Limited,0.16,,26016565248.0,2216347904.0
122,MCG.JO,-0.103,,,,0.12404,0.11101,,,,0.080019996,entertainment,communication-services,MultiChoice Group Limited,0.337,,53056000000.0,6581000192.0
123,KAP.JO,-0.023,,,,0.11104,0.051230002,76.517,7.8157897,0.09791,0.0399,conglomerates,industrials,KAP Limited,1.433,,29062000640.0,3227000064.0
124,TCP.JO,,,,,0.0,-0.24649,295.054,,-0.03738,-0.00642,credit-services,financial-services,Transaction Capital Limited,1.048,,1496999936.0,
125,EMI.JO,-0.062,16.24,16.24,16.24,0.5066,0.5245,76.838,2.8077924,,,reit-diversified,real-estate,Emira Property Fund Limited,0.487,,2064640000.0,1045953024.0
126,NY1.JO,-0.014,-0.119,-0.119,-0.119,0.33824003,0.30313,25.582,8.3425,0.44743,0.010729999,asset-management,financial-services,Ninety One Group,0.676,,584499968.0,197700000.0
127,ACT.JO,-0.003,,,,0.26485002,0.24533,23.683,19.285715,0.02152,0.25096,medical-care-facilities,healthcare,AfroCentric Investment Corporation Limited,0.206,,8902624256.0,2357819904.0
128,ZZD.JO,0.103,-0.188,-0.188,-0.188,0.23743999,0.15139,218.342,3.5624998,0.23193,0.07604,rental-leasing-services,industrials,Zeda Limited,0.664,,10468451328.0,2485607936.0
129,CML.JO,0.103,1.399,1.399,1.399,0.43726003,0.42574,22.908,6.2123613,0.96225,0.01421,asset-management,financial-services,Coronation Fund Managers Limited,0.712,,3912999936.0,1711000064.0
130,VKE.JO,0.057,-0.032,-0.032,-0.032,0.55469,0.57102,74.968,11.624161,0.0696,0.03207,reit-retail,real-estate,Vukile Property Fund Limited,0.815,,4104999936.0,2276999936.0
131,ACL.JO,-0.122,,,,-0.07636,-0.17816,452.674,,-1.19627,-0.087069996,steel,basic-materials,ArcelorMittal South Africa Limited,1.197,,38596001792.0,-2947000064.0
132,OMN.JO,0.046,0.014,0.014,0.014,0.10047,0.07061,21.419,9.297143,0.11703,0.06419,conglomerates,industrials,Omnia Holdings Limited,0.411,,22704001024.0,2280999936.0
133,SUI.JO,0.05,1.513,1.513,1.513,0.26545,0.19872999,285.855,8.938824,0.66558,0.12184,resorts-casinos,consumer-cyclical,Sun International Limited,0.923,,12375000064.0,3284999936.0
134,SEA.JO,0.052,-0.118,-0.118,-0.118,0.55673003,0.5136,33.06,6.322368,0.12636,0.04776,reit-diversified,real-estate,Spear Reit Limited,0.352,,631120000.0,351360992.0
135,TRL.JO,0.195,,,,0.12339,0.0968,79.658,5.694444,0.18476,0.09094,security-protection-services,industrials,Trellidor Holdings Limited,0.455,,565789632.0,69810800.0
136,REN.JO,0.078,,,,0.0,-3.17974,80.322,,-0.13136,-0.04032,oil-gas-e-p,energy,Renergen Limited,0.74,,30804000.0,-124866000.0
137,STXWDM.JO,,,,,,,,,,,,,Satrix MSCI World ETF,,,,
138,ACS.JO,0.079,-0.206,-0.206,-0.206,0.65521,0.56531,16.026,3.1111112,0.08023,0.03255,real-estate-development,real-estate,Acsion Limited,0.418,,1492513024.0,977905984.0
139,ETF5IT.JO,,,,,,,,,,,,,1nvest S&P500 Info Tech Feeder ETF,,,,
140,STX40.JO,,,,,,,,,,,,,Satrix 40 ETF,,,,
141,MPT.JO,-0.011,-0.314,-0.314,-0.314,0.12562999,0.06814,67.906,9.41806,0.09543,0.05943,packaging-containers,consumer-cyclical,Mpact Limited,0.718,,12755699712.0,1602499968.0
142,STXCHN.JO,,,,,,,,,,,,,Satrix MSCI China Feeder ETF,,,,
143,SUR.JO,0.13,0.021,0.021,0.021,0.094639994,0.08396,17.385,11.427047,0.30838,0.1557,restaurants,consumer-cyclical,Spur Corporation Ltd,0.277,,3473648128.0,328748000.0
144,SYGEMF.JO,,,,,,,,,,,,,Sygnia Itrix MSCI Emerging Markets 50 ETF,,,,
145,STXNDQ.JO,,,,,,,,,,,,,Satrix Nasdaq 100 ETF,,,,
146,GLD.JO,,,,,,,,,,,,,NewGold Issuer Limited,,,,
147,CSPROP.JO,,,,,,,,,,,,,10X South African Property Income ETF,,,,
148,AIL.JO,-0.15,-0.185,-0.185,-0.185,0.0,0.90546995,,5.284768,0.13508001,0.08442,asset-management,financial-services,African Rainbow Capital Investments Limited,0.071,,2457999872.0,
149,BEL.JO,0.063,0.175,0.175,0.175,0.09276,0.08257,38.352,4.7750645,0.14784999,0.07231,farm-heavy-construction-machinery,industrials,Bell Equipment Limited,0.31,,13889074176.0,1288360960.0
150,SYG500.JO,,,,,,,,,,,,,Sygnia Itrix S&P 500 ETF,,,,
151,HIL.JO,0.05,0.353,0.353,0.353,0.2241,0.31777,67.669,7.5067024,0.104169995,0.050970003,specialty-retail,consumer-cyclical,HomeChoice International plc,0.294,,2480999936.0,556000000.0
152,FNBT40.JO,,,,,,,,,,,,,FNB Top40 ETF,,,,
153,ADR.JO,0.048,-0.129,-0.129,-0.129,0.010319999,0.00625,26.262,5.9610395,0.05789,0.022880001,staffing-employment-services,industrials,Adcorp Holdings Limited,0.586,,13293046784.0,137184992.0
154,SYGJP.JO,,,,,,,,,,,,,Sygnia Itrix MSCI Japan ETF,,,,
155,BWN.JO,-0.281,-0.569,-0.569,-0.569,0.118760005,0.1365,75.05,7.84,0.029040001,0.0176,real-estate-development,real-estate,Balwin Properties Limited,0.343,,2023384064.0,240296000.0
156,SYGT40.JO,,,,,,,,,,,,,Sygnia Itrix Top 40 ETF,,,,
157,STXPRO.JO,,,,,,,,,,,,,Satrix Property ETF,,,,
158,SYGWD.JO,,,,,,,,,,,,,Sygnia Itrix MSCI World ETF,,,,
159,ZED.JO,,,,,0.0,0.22806999,,,-0.03161,-0.00555,asset-management,financial-services,Zeder Investments Ltd.,-0.256,,-128000000.0,
160,STXDIV.JO,,,,,,,,,,,,,Satrix Divi Plus ETF,,,,
161,CSP500.JO,,,,,,,,,,,,,10X S&P 500 ETF,,,,
162,SOH.JO,0.057,-0.1,-0.1,-0.1,0.054899998,0.05017,46.877,4.609756,0.1267,0.0543,electrical-equipment-parts,industrials,South Ocean Holdings Limited,-0.402,,2433640960.0,133611000.0
163,AME.JO,0.077,0.204,0.204,0.204,0.22584,0.15708,14.734,4.5556884,0.23854,0.100360006,broadcasting,communication-services,African Media Entertainment Limited,0.39,,301182016.0,68018000.0
164,VUN.JO,-0.043,-0.632,-0.632,-0.632,0.058520004,0.107259996,19.221,,0.026819998,0.010240001,capital-markets,financial-services,Vunani Limited,-0.086,,668753984.0,39138000.0
165,SSK.JO,5.67,,,,0.00983,0.00558,,7.192308,,0.02488,engineering-construction,industrials,Stefanutti Stocks Holdings Limited,0.755,,27178022912.0,267222000.0
166,ETFSAP.JO,,,,,,,,,,,,,1nvest SA Property ETF,,,,
167,ASC.JO,-0.031,,,,0.034730002,-0.09784,8.754,,0.07039,0.00465,medical-distribution,healthcare,Ascendis Health Limited,0.62,,1472044032.0,51129000.0
168,APH.JO,1.161,1.226,1.226,1.226,0.48888,0.43374002,19.0,12.285714,0.236,0.20594999,other-industrial-metals-mining,basic-materials,Alphamin Resources Corp.,1.116,,436727008.0,213505760.0
169,STXNDA.JO,,,,,,,,,,,,,Satrix MSCI India Feeder ETF,,,,
170,LAB.JO,0.522,2.334,2.334,2.334,-0.46532002,0.20549999,365.535,,,-0.13015,drug-manufacturers-specialty-generic,healthcare,Labat Africa Limited,1.176,,48536000.0,-22585000.0
171,STXRAF.JO,,,,,,,,,,,,,Satrix RAFI 40 ETF,,,,
172,STXIFR.JO,,,,,,,,,,,,,Satrix Global Infrastructure Feeder ETF,,,,
173,MDI.JO,0.173,-0.792,-0.792,-0.792,0.17614001,0.16781999,26.576,12.165217,0.05727,0.058179997,engineering-construction,industrials,Master Drilling Group Limited,0.414,,261570384.0,46073040.0
174,BCF.JO,0.059,0.174,0.174,0.174,0.17555,0.15041,,7.9881654,0.14564,0.09157,packaging-containers,consumer-cyclical,Bowler Metcalf Limited,0.145,,886313984.0,155588992.0
175,RHB.JO,-0.072,0.039,0.039,0.039,0.88971,0.64537,6.573,0.4240283,0.18868,0.13569,medical-care-facilities,healthcare,RH Bophelo Limited,-0.353,,280758656.0,249794944.0
176,MFL.JO,-0.012,,,,0.21559,0.1567,139.585,32.75,0.04146,0.08096,specialty-business-services,industrials,Metrofile Holdings Limited,-0.097,,1140546048.0,245884992.0
177,FTH.JO,0.186,-0.019,-0.019,-0.019,0.20878,0.15878001,20.761,5.3076925,0.2583,0.120799996,railroads,industrials,Frontier Transport Holdings Limited,0.116,,2887969024.0,602944000.0
178,STXGBD.JO,,,,,,,,,,,,,Satrix Global Aggregate Bond Feeder Portfolio,,,,
179,SYG.JO,0.153,0.205,0.205,0.205,0.46827,0.49207002,25.634,10.297778,0.41548002,0.00178,financial-conglomerates,financial-services,Sygnia Limited,0.552,,946038976.0,442998016.0
180,MST.JO,-0.187,,,,0.0317,0.017970001,139.045,37.972973,0.01388,0.02901,computer-hardware,technology,Mustek Limited,0.019,,8507281920.0,269711008.0
181,SYGP.JO,,,,,,,,,,,,,Sygnia Itrix Global Property ETF,,,,
182,QFH.JO,-0.052,,,,0.050329998,0.051880002,6.802,7.962025,0.07804,0.0478,farm-products,consumer-defensive,Quantum Foods Holdings Ltd,1.163,,6332075008.0,318708000.0
183,ART.JO,-0.033,0.034,0.034,0.034,0.14671,0.13873,6.008,5.6792874,0.14768,0.08359,steel,basic-materials,Argent Industrial Limited,0.629,,2501166080.0,366942016.0
184,NWL.JO,0.206,0.17,0.17,0.17,0.02242,0.00112,2.331,7.9545455,0.04815,0.0152199995,consumer-electronics,technology,Nu-World Holdings Limited,0.195,,2059500032.0,46177000.0
185,SNV.JO,-0.053,-0.187,-0.187,-0.187,0.30984,0.287,21.383,7.6969695,0.11431,0.0669,integrated-freight-logistics,industrials,Santova Limited,0.879,,639457984.0,198128992.0
186,CMH.JO,-0.013,-0.305,-0.305,-0.305,0.06628,0.043449998,127.294,6.6550217,0.26763,0.08886,auto-truck-dealerships,consumer-cyclical,Combined Motor Holdings Limited,0.595,,12753126400.0,845268992.0
187,WEZ.JO,,,,,0.0,0.0,502.809,0.6923077,0.32138002,-0.0018099999,other-industrial-metals-mining,basic-materials,Wesizwe Platinum Limited,-0.176,,,-29898000.0
188,YRK.JO,0.129,,,,0.043530002,0.02398,17.21,7.827586,0.049450003,-0.00328,lumber-wood-production,basic-materials,York Timber Holdings Limited,0.44,,1745218944.0,75964000.0
189,CGR.JO,-0.264,0.264,0.264,0.264,0.21806999,0.19212,75.453,2.5358853,0.16389,0.05228,residential-construction,consumer-cyclical,Calgro M3 Holdings Limited,-0.273,,1102644736.0,240458624.0
190,NVS.JO,0.033,0.998,0.998,0.998,0.16436,0.119320005,22.403,7.376344,0.14722,0.0771,specialty-business-services,industrials,Novus Holdings Limited,-0.28,,4028635904.0,662150016.0
191,ISB.JO,-0.106,,,,0.0124,0.00562,93.2,,-0.03343,0.01635,metal-fabrication,industrials,Insimbi Industrial Holdings Limited,-0.026,,5267999744.0,65302000.0
192,ARA.JO,4.684,,,,0.0,0.67620003,,6.296296,0.09116,0.01471,asset-management,financial-services,Astoria Investments Ltd,-2.337,,1992327.0,
193,CLI.JO,0.221,0.713,0.713,0.713,0.21324,0.20975,6.239,13.010203,0.10283,0.027560001,insurance-diversified,financial-services,Clientèle Limited,0.157,,2798594048.0,596776000.0
194,SEB.JO,4.887,,,,-0.18722999,0.05987,33.132,,-0.24495001,-0.02459,software-application,technology,Sebata Holdings Limited,1.436,,102673000.0,-19223000.0
195,ENX.JO,,,,,0.055040002,0.0475,16.476,6.4880953,0.08045,0.02876,specialty-industrial-machinery,industrials,enX Group Limited,0.617,,4077883904.0,224460000.0
196,EPE.JO,,,,,0.0,1.35017,29.28,,-0.19600001,-0.07876,asset-management,financial-services,EPE Capital Partners Ltd,0.298,,-303044000.0,
197,TPC.JO,-0.031,-0.099,-0.099,-0.099,0.101969995,0.08165,14.517,7.420731,0.15269,0.08411,packaging-containers,consumer-cyclical,Transpaco Limited,-0.155,,2444559104.0,249279008.0
198,MHB.JO,,0.414,0.414,0.414,0.0,0.0,,3.448276,0.1082,-0.01672,asset-management,financial-services,Mahube Infrastructure Limited,0.458,,,-15769435.0
199,SBP.JO,0.591,0.632,0.632,0.632,0.0,0.98497003,,29.126215,0.02563,0.0146200005,asset-management,financial-services,Sabvest Capital Limited,-0.032,,125648000.0,
200,BIK.JO,0.181,-0.635,-0.635,-0.635,0.08478,0.0729,18.862,,-0.03411,0.02517,building-materials,basic-materials,Brikor Limited,1.344,,385016992.0,32643000.0
201,ISA.JO,0.264,0.404,0.404,0.404,0.20091999,0.21082,,9.45,0.48931998,0.15252,software-infrastructure,technology,ISA Holdings Limited,0.48,,100797000.0,20252000.0
202,PBG.JO,0.003,0.08,0.08,0.08,0.12639,0.11667,7.874,9.032258,0.35633,0.23189,information-technology-services,technology,PBT Group Limited,0.289,,1073610240.0,135693936.0
203,VIS.JO,-0.988,,,,0.0,-194.91934,,0.6666667,,-0.10014,real-estate-services,real-estate,Visual International Holdings Limited,0.135,,49187.0,-4792136.0
204,PMV.JO,0.137,0.167,0.167,0.167,0.03066,0.02772,,7.142857,0.14128,0.056810003,staffing-employment-services,industrials,Primeserv Group Limited,0.563,,1012867008.0,31049500.0
205,EMH.JO,0.045,0.14,0.14,0.14,0.20099,0.13929,17.05,6.5185184,0.085080005,0.055409998,entertainment,communication-services,eMedia Holdings Limited,0.37,,3145136128.0,632139008.0
206,ADW.JO,-0.967,,,,0.0,-143.93443,,,,-1.16588,credit-services,financial-services,African Dawn Capital Limited,-0.827,,723000.0,
207,CCC.JO,,,,,0.0,0.0,,,,,drug-manufacturers-specialty-generic,healthcare,,,,,
208,RNG.JO,,,,,0.0,0.0,,,-0.29246,-0.20598,gold,basic-materials,Randgold & Exploration Company Limited,0.514,,,-25648000.0
209,TMT.JO,0.025,,,,0.2963,0.26612,132.364,,-0.00505,0.040370002,real-estate-services,real-estate,Trematon Capital Investments Limited,0.415,,565895872.0,167672880.0
210,HUG.JO,9.969,0.178,0.178,0.178,-0.4902,-0.02409,19.513,8.636364,0.02411,-0.01438,telecom-services,communication-services,Huge Group Limited,0.281,,92028744.0,-45112900.0
211,PPR.JO,0.306,8.69,8.69,8.69,0.55926996,0.59338003,64.808,3.6956522,0.06592,0.04329,real-estate-services,real-estate,Putprop Limited,-0.08,,152759008.0,85434000.0
212,MMP.JO,-0.149,1.84,1.84,1.84,-0.0012899999,0.00475,7.911,13.425925,0.04563,-0.0008,industrial-distribution,industrials,Marshall Monteagle PLC,0.55,,75975000.0,-98000.0
213,DNB.JO,0.017,-0.126,-0.126,-0.126,0.08885,0.0629,60.869,10.476191,0.05172,0.04003,conglomerates,industrials,Deneb Investments Limited,0.466,,3557357056.0,316057984.0
214,NCS.JO,0.349,2.722,2.722,2.722,-0.29974002,-0.2666,2.561,5.0769234,0.17616,-0.017439999,specialty-retail,consumer-cyclical,Nictus Limited,-0.107,,57449000.0,-17220000.0
215,TLM.JO,-0.098,-0.96,-0.96,-0.96,0.06204,0.0092,22.867,135.0,0.0062300004,0.01526,telecom-services,communication-services,TeleMasters Holdings Limited,0.508,,59863312.0,3713714.0
216,AYO.JO,-0.303,,,,-0.11166,-0.16667,3.356,,-0.13925,-0.06014,information-technology-services,technology,AYO Technology Solutions Limited,1.852,,1879843968.0,-209908992.0
217,SLG.JO,-0.308,,,,-0.096949995,-0.21802,539.482,,-1.3036901,-0.10529,thermal-coal,energy,Salungano Group Limited,-0.339,,4073901056.0,-394948000.0
218,ELI.JO,-0.306,,,,-0.12353,-0.16580999,,,-7.78659,-0.20361,communication-equipment,technology,Ellies Holdings Limited,-0.948,,837148992.0,-103412000.0
219,MUR.JO,,,,,0.03599,0.00973,80.561,,-0.04912,0.01285,engineering-construction,industrials,Murray & Roberts Holdings Limited,1.561,,13452399616.0,484100000.0
220,PSG.JO,,,,,,,,,,,,,,,,,
221,TTO.JO,,,,,0.0,0.81053,190.103,,-0.22549999,-0.06339,asset-management,financial-services,Trustco Group Holdings Limited,2.216,,-219000000.0,-407000000.0
222,APO.JO,0.005,-0.378,-0.378,-0.378,0.0,0.95709,,7.475,,,reit-diversified,real-estate,aReit Prop Limited,-0.609,,65604940.0,
223,TON.JO,0.053,,,,0.09944,0.15371999,1036.17,,,0.045149997,confectioners,consumer-defensive,Tongaat Hulett Limited,1.848,,14581000192.0,1450000000.0
224,AHL.JO,0.24,,,,0.04442,0.02315,70.145,3.5,0.08184,0.030580001,packaged-foods,consumer-defensive,AH-Vest Limited,-1.671,,237080784.0,10530738.0
225,GLI.JO,,,,,0.0,-8.35246,,,,-247.43895,drug-manufacturers-specialty-generic,healthcare,Numeral Limited,-0.244,,14362.0,
226,ARH.JO,,,,,,,,,,,,,,,,,
227,AVV.JO,,,,,,,,,,,,,,,,,
228,BAU.JO,,,,,,,,,,,,,,,,,
229,BUC.JO,,,,,,,,,,,,,,,,,
230,DGH.JO,,,,,,,,,,,,,,,,,
231,ETO.JO,,,,,,,,,,,,,,,,,
232,JSC.JO,,,,,,,,,,,,,,,,,
233,L4L.JO,,,,,,,,,,,,,,,,,
234,MEI.JO,,,,,,,,,,,,,,,,,
235,MSM.JO,,,,,,,,,,,,,,,,,
236,OLG.JO,,,,,,,,,,,,,,,,,
237,RMI.JO,,,,,,,,,,,,,,,,,
238,SVB.JO,,,,,,,,,,,,,,,,,
239,TDH.JO,,,,,,,,,,,,,,,,,
240,CND.JO,0.001,,,,-0.13571,-0.11602,,,,-0.06901,insurance-diversified,financial-services,Conduit Capital Limited,0.831,,1070598016.0,-145288992.0
