,Company,Market Cap,Rev Growth,NI Growth,EV/EBITDA,EV/Rev,EBITDA Margin,Operating Margin,Debt/Equity,PE,ROE,ROA,Industry,Sector,Name,Beta,Trailing PEG Ratio
0,MMM,82694512640,0.004,,,,0.24870001,0.21433,295.441,20.960838,1.1329399,0.09032,conglomerates,industrials,3M Company,1.001,2.7508
1,AOS,9498634240,-0.037,-0.089,-0.089,-0.089,0.20778999,0.17793,7.471,18.049864,0.29544002,0.14337,specialty-industrial-machinery,industrials,A. O. Smith Corporation,1.169,1.6394
2,ABT,223866765312,0.049,0.146,0.146,0.146,0.26263002,0.18749,37.589,16.784136,0.14840001,0.06488,medical-devices,healthcare,Abbott Laboratories,0.722,2.3053
3,ABBV,341004386304,0.038,-0.123,-0.123,-0.123,0.46153,0.28928,1174.815,80.76272,0.56407,0.077199996,drug-manufacturers-general,healthcare,AbbVie Inc.,0.613,2.5845
4,ACN,242273468416,0.026,0.236,0.236,0.236,0.17052001,0.14597,14.127,32.462574,0.26674998,0.11627,information-technology-services,technology,Accenture plc,1.245,2.9854
5,ADBE,189529620480,0.106,0.233,0.233,0.233,0.38831002,0.36834,41.788,35.208942,0.35355,0.15969,software-infrastructure,technology,Adobe Inc.,1.299,1.4246
6,AMD,178511953920,0.176,1.611,1.611,1.611,0.18436001,0.10617,3.927,109.7551,0.03262,0.01249,semiconductors,technology,"Advanced Micro Devices, Inc.",1.706,0.4412
7,AES,7693310464,-0.042,1.206,1.206,1.206,0.27141002,0.20158,352.879,7.496454,-0.02549,0.028369999,utilities-diversified,utilities,The AES Corporation,1.09,1.0921
8,AFL,56965275648,-0.404,,,,0.27622998,0.04815,50.141,10.711479,0.16038,0.0235,insurance-life,financial-services,Aflac Incorporated,0.958,
9,A,42120196096,-0.056,1.569,1.569,1.569,0.24073,0.24968,52.787,33.305046,0.24658,0.07579,diagnostics-research,healthcare,"Agilent Technologies, Inc.",1.072,2.4916
10,APD,73000894464,-0.001,1.81,1.81,1.81,0.35507,0.25791,79.822,18.97555,0.2258,0.049689997,specialty-chemicals,basic-materials,"Air Products and Chemicals, Inc.",0.826,12.1347
11,ABNB,82826027008,0.099,-0.678,-0.678,-0.678,0.15434,0.40862998,26.614,46.068256,0.20873,0.046630003,travel-services,consumer-cyclical,"Airbnb, Inc.",1.156,19.3841
12,AKAM,14968619008,0.041,-0.635,-0.635,-0.635,0.28198,0.15695,96.999,29.479288,0.11541,0.041890003,software-infrastructure,technology,"Akamai Technologies, Inc.",0.678,1.2483
13,ALB,9285715968,-0.414,,,,-0.14380999,-0.20657,35.334,,-0.17662,-0.051760003,specialty-chemicals,basic-materials,Albemarle Corporation,1.551,7.0548
14,ARE,16724100096,0.109,6.484,6.484,6.484,0.61745,0.27855,58.757,53.910114,0.02132,0.01397,reit-office,real-estate,"Alexandria Real Estate Equities, Inc.",1.176,
15,ALGN,16302738432,0.018,-0.019,-0.019,-0.019,0.20708,0.16604,3.235,38.91867,0.11401,0.06696,medical-instruments-supplies,healthcare,"Align Technology, Inc.",1.65,1.2872
16,ALLE,11239951360,0.054,0.124,0.124,0.124,0.23856,0.22242,162.864,19.890265,0.40822,0.10704,security-protection-services,industrials,Allegion plc,1.123,1.6959
17,LNT,15277901824,0.004,0.127,0.127,0.127,0.41276002,0.45051,153.258,23.14008,0.096540004,0.02552,utilities-regulated-electric,utilities,Alliant Energy Corporation,0.574,2.3839
18,ALL,50848108544,0.147,,,,0.0992,0.093219995,38.833,11.296912,0.23783001,0.03271,insurance-property-casualty,financial-services,The Allstate Corporation,0.481,
19,GOOGL,2344995782656,0.151,0.366,0.366,0.366,0.36330003,0.32312,9.324,23.82262,0.32101002,0.16483,internet-content-information,communication-services,Alphabet Inc.,1.034,1.3814
20,GOOG,2344995258368,0.151,0.366,0.366,0.366,0.36330003,0.32312,9.324,24.023108,0.32101002,0.16483,internet-content-information,communication-services,Alphabet Inc.,1.034,1.3937
21,MO,89029623808,0.013,0.099,0.099,0.099,0.59994,0.59843,,8.051988,,0.21103,tobacco,consumer-defensive,"Altria Group, Inc.",0.67,3.7572
22,AMZN,2511300722688,0.11,0.521,0.521,0.521,0.17994,0.109589994,61.175,43.073307,0.22558,0.07069,internet-retail,consumer-cyclical,"Amazon.com, Inc.",1.146,1.9612
23,AMCR,14482308096,-0.026,0.257,0.257,0.257,0.14052,0.105579995,196.619,18.218182,0.1958,0.049450003,packaging-containers,consumer-cyclical,Amcor plc,0.863,2.0144
24,AEE,25916039168,0.056,-0.091,-0.091,-0.091,0.46245,0.31766,152.976,22.791079,0.09838,0.02856,utilities-regulated-electric,utilities,Ameren Corporation,0.462,3.0678
25,AEP,53442895872,0.015,-0.016,-0.016,-0.016,0.37028,0.25792998,165.878,20.191147,0.10182,0.026129998,utilities-regulated-electric,utilities,"American Electric Power Company, Inc.",0.539,1.5149
26,AXP,222372528128,0.08,0.058,0.058,0.058,,0.20936,186.815,22.8385,0.3469,0.03793,credit-services,financial-services,American Express Company,1.214,2.012
27,AIG,46589308928,-0.086,-0.747,-0.747,-0.747,0.18766001,0.105100006,22.306,14.8489065,0.085,0.00827,insurance-diversified,financial-services,"American International Group, Inc.",1.069,1.0651
28,AMT,88668119040,,,,,0.62377,0.45165002,439.338,45.613525,0.17691,0.04454,reit-specialty,real-estate,American Tower Corporation,0.842,1.1816
29,AWK,24162988032,0.134,0.084,0.084,0.084,0.53333,0.41572,129.608,24.547094,0.097040005,0.0334,utilities-regulated-water,utilities,"American Water Works Company, Inc.",0.698,2.7633
30,AMP,52106747904,0.119,-0.386,-0.386,-0.386,,0.34145,67.402,21.974703,0.56751,0.02113,asset-management,financial-services,"Ameriprise Financial, Inc.",1.334,1.091
31,AME,42678636544,0.053,,,,0.30944002,0.25642002,26.778,30.854513,0.14886,0.078940004,specialty-industrial-machinery,industrials,"AMETEK, Inc.",1.163,2.8502
32,AMGN,160066486272,0.232,0.621,0.621,0.621,0.37644002,0.24156,802.418,39.348526,0.5572,0.04597,drug-manufacturers-general,healthcare,Amgen Inc.,0.599,2.0749
33,APH,84429389824,0.262,0.171,0.171,0.171,0.25198,0.21865,57.565,36.544506,0.25293,0.1076,electronic-components,technology,Amphenol Corporation,1.238,2.4876
34,ADI,103113924608,-0.248,-0.546,-0.546,-0.546,0.44959998,0.2178,23.07,63.336422,0.04658,0.0286,semiconductors,technology,"Analog Devices, Inc.",1.078,0.9595
35,ANSS,30311917568,0.312,1.284,1.284,1.284,0.33882,0.26838,14.888,53.466667,0.10479999,0.06086,software-application,technology,"ANSYS, Inc.",1.111,2.0908
36,AON,83588972544,0.26,-0.296,-0.296,-0.296,0.28775,0.19162,274.699,30.773088,0.82182,0.05684,insurance-brokers,financial-services,Aon plc,0.909,1.8118
37,APA,8016751616,0.104,,,,0.5636,-0.089049995,105.032,3.0737588,0.6186,0.07833,oil-gas-e-p,energy,APA Corporation,3.246,
38,APO,92470042624,2.851,0.174,0.174,0.174,,0.34789002,92.115,22.26839,0.33501,0.02544,asset-management,financial-services,"Apollo Global Management, Inc.",1.589,
39,AAPL,3419480784896,0.061,-0.341,-0.341,-0.341,0.34437,0.31171,209.059,37.01301,1.5741299,0.21464,consumer-electronics,technology,Apple Inc.,1.24,2.1585
40,AMAT,148561739776,0.055,0.108,0.108,0.108,0.3055,0.28652,35.409,21.226416,0.4391,0.15205,semiconductor-equipment-materials,technology,"Applied Materials, Inc.",1.551,1.83
41,APTV,15065806848,-0.051,-0.743,-0.743,-0.743,0.15376,0.11022,109.665,9.20977,0.24212,0.05353,auto-parts,consumer-cyclical,Aptiv PLC,1.817,0.9324
42,ACGL,35178627072,0.418,0.362,0.362,0.362,0.30663002,0.24947001,12.243,6.275168,0.30441,0.04861,insurance-diversified,financial-services,Arch Capital Group Ltd.,0.613,
43,ADM,21897715712,-0.117,-0.424,-0.424,-0.424,0.04493,0.0222,52.874,12.468664,0.1075,0.03415,farm-products,consumer-defensive,Archer-Daniels-Midland Company,0.722,
44,ANET,149243772928,0.2,0.355,0.355,0.355,0.42844,0.43362,0.755,55.35981,0.33833998,0.15884,computer-hardware,technology,Arista Networks Inc,1.077,2.6776
45,AJG,80582180864,0.119,0.086,0.086,0.086,0.31705,0.18721001,70.273,49.28593,0.10321999,0.02923,insurance-brokers,financial-services,Arthur J. Gallagher & Co.,0.727,1.1126
46,AIZ,11034996736,0.07,-0.28,-0.28,-0.28,0.10564,0.059710003,39.627,15.33571,0.15215,0.01873,insurance-property-casualty,financial-services,"Assurant, Inc.",0.568,
47,T,176099049472,-0.005,,,,0.35042998,0.23618999,125.151,16.469799,0.08759,0.04033,telecom-services,communication-services,AT&T Inc.,0.73,4.1532
48,ATO,22717208576,0.059,0.148,0.148,0.148,0.48645002,0.32149,64.648,20.503597,0.090179995,0.03579,utilities-regulated-gas,utilities,Atmos Energy Corporation,0.672,2.3667
49,ADSK,66312024064,0.119,0.262,0.262,0.262,0.24048,0.23653999,105.214,61.33401,0.57445997,0.0889,software-application,technology,"Autodesk, Inc.",1.474,1.8682
50,ADP,125710835712,0.071,0.125,0.125,0.125,0.29365999,0.26488,176.65,32.241306,0.87263,0.06544,software-application,technology,"Automatic Data Processing, Inc.",0.795,4.1479
51,AZO,58178457600,0.09,0.117,0.117,0.117,0.23462999,0.20896,,23.201885,,0.14281,specialty-retail,consumer-cyclical,"AutoZone, Inc.",0.713,2.3108
52,AVB,31549147136,0.094,1.161,1.161,1.161,0.61792,0.33742002,71.946,29.160265,0.08808,0.02874,reit-residential,real-estate,"AvalonBay Communities, Inc.",0.985,7.1412
53,AVY,14597339136,0.041,0.316,0.316,0.316,0.16316,0.12810001,131.956,20.783062,0.30241,0.08507,packaging-containers,consumer-cyclical,Avery Dennison Corporation,0.896,2.065
54,AXON,51795308544,0.317,0.062,0.062,0.062,0.09442,0.0448,34.832,175.51422,0.16424,0.022850001,aerospace-defense,industrials,"Axon Enterprise, Inc.",0.943,
55,BKR,46515548160,0.04,0.51,0.51,0.51,0.15886,0.13463001,36.933,15.767918,0.14292,0.05432,oil-gas-equipment-services,energy,Baker Hughes Company,1.363,2.6878
56,BALL,15300283392,-0.009,0.008,0.008,0.008,0.15183,0.11843,90.836,37.385185,0.14048,0.046669997,packaging-containers,consumer-cyclical,Ball Corporation,0.899,1.351
57,BAC,363342823424,-0.005,-0.1,-0.1,-0.1,,0.30769,,14.858934,0.08092,0.0072899996,banks-diversified,financial-services,Bank of America Corporation,1.325,1.792
58,BAX,15731209216,0.038,-0.945,-0.945,-0.945,0.18218,0.08929,166.129,122.48,0.01627,0.03159,medical-instruments-supplies,healthcare,Baxter International Inc.,0.604,2.0874
59,BDX,66658340864,0.069,2.901,2.901,2.901,0.25767002,0.15192,77.612,38.308334,0.05633,0.032479998,medical-instruments-supplies,healthcare,"Becton, Dickinson and Company",0.45,1.04
60,BBY,18373591040,-0.031,0.072,0.072,0.072,0.06286,0.04048,131.896,14.712305,0.4241,0.07219,specialty-retail,consumer-cyclical,"Best Buy Co., Inc.",1.493,1.7382
61,TECH,11918486528,0.045,-0.323,-0.323,-0.323,0.26333,0.18145001,18.653,76.642105,0.07287,0.0555,biotechnology,healthcare,Bio-Techne Corporation,1.278,2.7542
62,BIIB,20746082304,-0.025,,,,0.30029,0.2074,40.656,12.873407,0.1047,0.0499,drug-manufacturers-general,healthcare,Biogen Inc.,-0.061,
63,BLK,155904049152,0.149,0.023,0.023,0.023,0.39636,0.3985,32.503,23.979696,0.1505,0.03597,asset-management,financial-services,"BlackRock, Inc.",1.311,1.7876
64,BX,213155905536,0.541,0.396,0.396,0.396,,0.51078,65.956,48.37216,0.22041,0.100150004,asset-management,financial-services,Blackstone Inc.,1.486,2.1742
65,BK,62007582720,0.047,0.22,0.22,0.22,,0.33231997,,14.904844,0.08563,0.008590001,banks-diversified,financial-services,The Bank of New York Mellon Corporation,1.06,0.6687
66,BA,138613719040,-0.015,,,,-0.05445,-0.31418,,,,-0.02665,aerospace-defense,industrials,The Boeing Company,1.572,
67,BKNG,161759133696,0.089,0.065,0.065,0.065,0.3116,0.40893,,32.363064,,0.15423,travel-services,consumer-cyclical,Booking Holdings Inc.,1.385,1.0753
68,BWA,6613496320,-0.048,3.909,3.909,3.909,0.13283,0.08437,74.606,18.530865,0.15923999,0.052670002,auto-parts,consumer-cyclical,BorgWarner Inc.,1.186,1.2103
69,BSX,155120615424,0.193,-0.063,-0.063,-0.063,0.25536,0.17059,53.722,84.2,0.08916,0.04903,medical-devices,healthcare,Boston Scientific Corporation,0.797,1.9039
70,BMY,116457791488,0.084,-0.358,-0.358,-0.358,0.40396,0.18475,299.052,,-0.3133,0.060739998,drug-manufacturers-general,healthcare,Bristol-Myers Squibb Company,0.441,2.018
71,AVGO,1084467052544,0.164,1.881,1.881,1.881,0.49040002,0.31765,166.032,178.46825,0.12509,0.077010006,semiconductors,technology,Broadcom Inc.,1.187,0.6558
72,BR,28133707776,-0.006,-0.105,-0.105,-0.105,0.23787001,0.09453,172.353,37.565624,0.31812,0.082679994,information-technology-services,technology,"Broadridge Financial Solutions, Inc.",1.06,2.2315
73,BRO,31049322496,0.099,0.311,0.311,0.311,0.33525002,0.28312,58.92,31.111748,0.18144,0.052020002,insurance-brokers,financial-services,"Brown & Brown, Inc.",0.825,
74,BLDR,18398636032,-0.067,-0.32,-0.32,-0.32,0.14041,0.10113,97.541,15.62741,0.27435,0.10295,building-products-equipment,industrials,"Builders FirstSource, Inc.",2.081,
75,BG,9718039552,-0.093,-0.368,-0.368,-0.368,0.04561,0.03076,63.434,8.678304,0.10922,0.04978,farm-products,consumer-defensive,Bunge Global SA,0.655,
76,BXP,12772342784,0.037,,,,0.55943,0.29790002,205.408,31.489178,0.058280002,0.02448,reit-office,real-estate,"BXP, Inc.",1.195,2.0261
77,CHRW,11423312896,0.07,0.176,0.176,0.176,0.03795,0.03973,116.88,25.088312,0.22818,0.07148,integrated-freight-logistics,industrials,"C.H. Robinson Worldwide, Inc.",0.842,1.25
78,CDNS,83076988928,0.188,-0.065,-0.065,-0.065,0.33315,0.309,61.911,79.914665,0.27072,0.10872,software-application,technology,"Cadence Design Systems, Inc.",1.02,3.2043
79,CZR,7734273024,-0.04,,,,0.32544,0.22408001,599.43,,-0.063769996,0.044770002,resorts-casinos,consumer-cyclical,"Caesars Entertainment, Inc.",2.962,4.9698
80,CPT,12712108032,-0.005,,,,0.57388,0.18878001,71.778,78.91391,0.07229,0.021459999,reit-residential,real-estate,Camden Property Trust,0.92,
81,CPB,11188030464,0.109,,,,0.18504,0.119490005,198.683,20.508196,0.15203,0.06407,packaged-foods,consumer-defensive,The Campbell's Company,0.181,0.6051
82,COF,78777409536,0.064,-0.009,-0.009,-0.009,,0.29713,,17.856766,0.07479,0.0091,credit-services,financial-services,Capital One Financial Corporation,1.432,2.1272
83,CAH,30768517120,-0.043,,,,0.01303,0.01054,,23.630798,,0.03175,medical-distribution,healthcare,"Cardinal Health, Inc.",0.616,0.9448
84,KMX,13309827072,-0.002,0.135,0.135,0.135,0.03349,0.02696,314.637,29.396551,0.06853,0.01539,auto-truck-dealerships,consumer-cyclical,"CarMax, Inc.",1.686,0.7991
85,CCL,37095829504,0.152,0.599,0.599,0.599,0.24012,0.27609,352.355,19.107143,0.20120001,0.04249,travel-services,consumer-cyclical,Carnival Corporation & plc,2.668,
86,CARR,57575055360,0.213,0.167,0.167,0.167,0.13378,0.12684,85.607,37.747055,0.13931,0.04176,building-products-equipment,industrials,Carrier Global Corporation,1.212,1.2212
87,CAT,176440328192,-0.042,-0.072,-0.072,-0.072,0.24091,0.19496,195.336,16.585232,0.53475,0.09932,farm-heavy-construction-machinery,industrials,Caterpillar Inc.,1.095,1.7751
88,CBOE,22106542080,0.162,0.062,0.062,0.062,0.32622,0.29118,38.137,28.156,0.19518,0.08826999,financial-data-stock-exchanges,financial-services,"Cboe Global Markets, Inc.",0.666,
89,CBRE,44244135936,0.148,0.197,0.197,0.197,0.06451,0.043270003,73.116,46.656864,0.11434,0.04146,real-estate-services,real-estate,"CBRE Group, Inc.",1.395,1.2727
90,CDW,26634133504,-0.02,0.009,0.009,0.009,0.09583,0.0877,278.653,25.067886,0.53360003,0.079,information-technology-services,technology,CDW Corporation,1.053,
91,CE,7530549248,-0.028,-0.878,-0.878,-0.878,0.17663999,0.11517999,172.83,6.8668017,0.15095,0.02698,chemicals,basic-materials,Celanese Corporation,1.304,
92,COR,48068145152,0.147,-0.99,-0.99,-0.99,0.01464,0.00851,557.753,34.961918,2.0911798,0.03096,medical-distribution,healthcare,"Cencora, Inc.",0.436,0.9518
93,CNC,29228759040,0.061,0.565,0.565,0.565,0.04048,0.0296,64.231,9.29653,0.11559,0.03506,healthcare-plans,healthcare,Centene Corporation,0.493,0.6063
94,CNP,21142036480,-0.002,-0.255,-0.255,-0.255,0.35992,0.22575001,188.828,21.6,0.09573,0.027520001,utilities-regulated-electric,utilities,"CenterPoint Energy, Inc.",0.917,1.8569
95,CF,14638568448,0.076,0.82,0.82,0.82,0.44309,0.26496,42.006,13.3412695,0.1792,0.07842,agricultural-inputs,basic-materials,"CF Industries Holdings, Inc.",0.957,0.7199
96,CRL,8502404096,-0.016,-0.213,-0.213,-0.213,0.23363,0.14692001,72.176,20.759188,0.11924,0.04873,diagnostics-research,healthcare,"Charles River Laboratories International, Inc.",1.376,2.2636
97,SCHW,153107759104,0.052,0.271,0.271,0.271,,0.38416,144.242,28.006733,0.12111,0.0109399995,capital-markets,financial-services,The Charles Schwab Corporation,0.952,0.9643
98,CHTR,50151571456,0.016,0.069,0.069,0.069,0.39183998,0.24341999,533.472,10.099884,0.32965,0.05407,telecom-services,communication-services,"Charter Communications, Inc.",1.036,0.3696
99,CVX,267848105984,-0.064,-0.287,-0.287,-0.287,0.20316,0.109110005,16.456,15.621288,0.103520006,0.053740002,oil-gas-integrated,energy,Chevron Corporation,1.078,3.4788
100,CMG,77687898112,0.13,0.231,0.231,0.231,0.20334,0.17483999,124.061,51.594593,0.45673,0.14012,restaurants,consumer-cyclical,"Chipotle Mexican Grill, Inc.",1.266,2.2336
101,CB,109344014336,0.078,0.152,0.152,0.152,0.20774001,0.19610001,31.706,12.120233,0.16125,0.02915,insurance-property-casualty,financial-services,Chubb Limited,0.681,3.6998
102,CHD,25822736384,0.038,,,,0.21974,0.17582001,57.536,44.5,0.13338,0.08087,household-personal-products,consumer-defensive,"Church & Dwight Co., Inc.",0.55,3.662
103,CI,78640537600,0.28,-0.445,-0.445,-0.445,0.03724,0.027449999,80.15,23.69504,0.07606,0.027999999,healthcare-plans,healthcare,The Cigna Group,0.511,0.8623
104,CINF,21557368832,0.833,,,,0.33418,0.31717,6.331,7.08536,0.25135002,0.07219,insurance-property-casualty,financial-services,Cincinnati Financial Corporation,0.666,
105,CTAS,82440077312,0.068,0.183,0.183,0.183,0.25117,0.22427,70.573,49.28293,0.40462002,0.14961,specialty-business-services,industrials,Cintas Corporation,1.313,3.7721
106,CSCO,248006459392,-0.056,-0.237,-0.237,-0.237,0.25959,0.17036,70.647,26.725323,0.20761,0.06278,communication-equipment,technology,"Cisco Systems, Inc.",,2.7968
107,C,154541506560,-0.024,-0.074,-0.074,-0.074,,0.24610001,,13.827412,0.03874,0.00339,banks-diversified,financial-services,Citigroup Inc.,1.426,1.1858
108,CFG,21287055360,-0.061,-0.094,-0.094,-0.094,,0.27183,,15.923588,0.05426,0.00583,banks-regional,financial-services,"Citizens Financial Group, Inc.",1.32,
109,CLX,18283859968,0.271,3.704,3.704,3.704,0.18356001,0.17367001,1287.5,40.113514,2.08451,0.12546,household-personal-products,consumer-defensive,The Clorox Company,0.399,0.6821
110,CME,88226693120,0.185,0.214,0.214,0.214,0.69765,0.64745003,13.621,25.717436,0.12297,0.01837,financial-data-stock-exchanges,financial-services,CME Group Inc.,0.559,8.4968
111,CMS,20526528512,0.042,0.405,0.405,0.405,0.36637002,0.23465,187.096,20.568861,0.11501,0.030450001,utilities-regulated-electric,utilities,CMS Energy Corporation,0.407,2.4385
112,KO,275009961984,-0.008,-0.07,-0.07,-0.07,0.31987,0.30235,167.358,26.271605,0.3723,0.08438,beverages-non-alcoholic,consumer-defensive,The Coca-Cola Company,0.62,2.7031
113,CTSH,43109568512,0.03,0.125,0.125,0.125,0.17875999,0.15285,12.891,19.284117,0.16478,0.097799994,information-technology-services,technology,Cognizant Technology Solutions Corporation,1.052,1.4529
114,CL,70883876864,0.024,0.049,0.049,0.049,0.24340999,0.21000999,1009.091,24.370787,4.87923,0.16329001,household-personal-products,consumer-defensive,Colgate-Palmolive Company,0.415,1.9682
115,CMCSA,130331721728,0.065,-0.041,-0.041,-0.041,0.30297002,0.18269,117.127,8.322034,0.16884,0.05365,telecom-services,communication-services,Comcast Corporation,1.004,1.4017
116,CAG,11937774592,-0.038,0.451,0.451,0.451,0.18753,0.14738,100.881,24.333334,0.05605,0.0531,packaged-foods,consumer-defensive,"Conagra Brands, Inc.",0.332,4.8334
117,COP,129278476288,-0.079,-0.241,-0.241,-0.241,0.42945,0.24277,36.695,12.807292,0.20376,0.1003,oil-gas-e-p,energy,ConocoPhillips,1.22,8.2377
118,ED,33287684096,0.057,0.112,0.112,0.112,0.36964,0.21237,120.07,17.925373,0.08582,0.03222,utilities-regulated-electric,utilities,"Consolidated Edison, Inc.",0.353,8.6674
119,STZ,30547763200,0.029,,,,0.38145,0.37085998,149.155,45.187164,0.07111,0.08984999,beverages-brewers,consumer-defensive,"Constellation Brands, Inc.",0.893,1.0231
120,CEG,96914087936,0.072,0.69,0.69,0.69,0.25006,0.22397,65.003,34.15546,0.22846001,0.040599998,utilities-renewable,utilities,Constellation Energy Corporation,0.776,
121,COO,19018196992,0.078,0.209,0.209,0.209,0.26892,0.19195999,36.711,48.481865,0.0465,0.03393,medical-instruments-supplies,healthcare,"The Cooper Companies, Inc.",0.99,9.9759
122,CPRT,57031245824,0.072,-0.083,-0.083,-0.083,0.41407,0.33633998,1.573,41.283688,0.20129,0.12967,specialty-business-services,industrials,"Copart, Inc.",1.271,3.308
123,GLW,45881925632,0.069,,,,0.20672001,0.11236,72.739,92.929825,0.019299999,0.02754,electronic-components,technology,Corning Incorporated,1.029,0.5644
124,CPAY,27155920896,0.06,0.071,0.071,0.071,0.53293,0.45485002,253.558,27.86212,0.32836,0.06545,software-infrastructure,technology,"Corpay, Inc.",1.214,
125,CTVA,42739994624,-0.102,,,,0.18115999,-0.19990999,22.883,51.09836,0.02704,0.026129998,agricultural-inputs,basic-materials,"Corteva, Inc.",0.773,1.2451
126,CSGP,32054732800,0.109,-0.409,-0.409,-0.409,0.06386,0.03422,14.763,183.92857,0.02386,0.0023700001,real-estate-services,real-estate,"CoStar Group, Inc.",0.823,2.6014
127,COST,466532990976,0.01,0.088,0.088,0.088,0.04528,0.03817,42.118,61.727383,0.30267,0.0836,discount-stores,consumer-defensive,Costco Wholesale Corporation,0.789,6.315
128,CTRA,20171229184,-0.05,-0.19,-0.19,-0.19,0.6272,0.26087,18.111,16.593939,0.095979996,0.05093,oil-gas-e-p,energy,Coterra Energy Inc.,0.197,
129,CRWD,103842258944,0.317,5.333,5.333,5.333,0.053319998,0.01417,27.398,826.6471,0.07334,0.00525,software-infrastructure,technology,"CrowdStrike Holdings, Inc.",1.102,1.8943
130,CCI,39218180096,-0.009,0.142,0.142,0.142,0.60578996,0.36743,559.592,31.96786,0.20527,0.03745,reit-specialty,real-estate,Crown Castle Inc.,0.875,4.1532
131,CSX,63136280576,0.013,0.122,0.122,0.122,0.48981997,0.37717998,147.913,18.308989,0.29458,0.08164,railroads,industrials,CSX Corporation,1.191,2.2313
132,CMI,51093561344,0.003,0.277,0.277,0.277,0.13397999,0.11625,72.251,13.002097,0.19375,0.06894,specialty-industrial-machinery,industrials,Cummins Inc.,0.971,0.7203
133,CVS,68256215040,0.06,-0.961,-0.961,-0.961,0.038429998,0.0159,110.116,13.778061,0.06697,0.02365,healthcare-plans,healthcare,CVS Health Corporation,0.543,2.1852
134,DHR,151018127360,0.031,-0.26,-0.26,-0.26,0.31636,0.20335,36.69,39.68522,0.07586,0.03858,diagnostics-research,healthcare,Danaher Corporation,0.881,3.9476
135,DRI,23479631872,0.01,0.087,0.087,0.087,0.15675001,0.098009996,326.282,22.87935,0.48619,0.07408,restaurants,consumer-cyclical,"Darden Restaurants, Inc.",1.309,1.9182
136,DVA,14237725696,0.046,-0.046,-0.046,-0.046,0.20982,0.16275999,549.552,18.544872,0.44884,0.06944,medical-care-facilities,healthcare,DaVita Inc.,0.887,1.2817
137,DAY,10441541632,0.166,,,,0.14878,0.06205,48.404,591.1818,0.02194,0.00778,software-application,technology,Dayforce Inc,1.271,
138,DECK,26133897216,0.201,0.395,0.395,0.395,0.24597,0.23266001,11.633,27.946844,0.4357,0.21596001,footwear-accessories,consumer-cyclical,Deckers Outdoor Corporation,1.053,1.9169
139,DE,126806630400,-0.168,-0.383,-0.383,-0.383,0.25671,0.19016,288.043,18.152048,0.35481,0.07862,farm-heavy-construction-machinery,industrials,Deere & Company,0.935,1.7389
140,DELL,73900883968,0.091,0.857,0.857,0.857,0.095010005,0.06673,,18.760141,,0.04377,computer-hardware,technology,Dell Technologies Inc.,0.954,0.5535
141,DAL,43969449984,0.012,0.145,0.145,0.145,0.13954,0.08452,186.78,12.736448,0.4067,0.05271,airlines,industrials,"Delta Air Lines, Inc.",1.341,
142,DVN,21953587200,-0.102,-0.085,-0.085,-0.085,0.52461,0.32062,64.021,6.1847014,0.26279,0.10674,oil-gas-e-p,energy,Devon Energy Corporation,2.071,14.898
143,DXCM,34497413120,0.02,0.157,0.157,0.157,0.21254,0.15289,130.935,53.38182,0.32061002,0.06062,medical-devices,healthcare,"DexCom, Inc.",1.173,1.3776
144,FANG,46727098368,0.087,-0.371,-0.371,-0.371,0.74457,0.42224,33.574,9.231174,0.122650005,0.06204,oil-gas-e-p,energy,"Diamondback Energy, Inc.",1.875,
145,DLR,56839598080,0.016,-0.96,-0.96,-0.96,0.43491,0.10094,79.825,136.64227,0.01956,0.0086900005,reit-specialty,real-estate,"Digital Realty Trust, Inc.",0.609,10.7108
146,DFS,50945945600,0.605,0.426,0.426,0.426,,0.34264,105.313,11.441582,0.20263,0.02163,credit-services,financial-services,Discover Financial Services,1.402,3.4653
147,DG,15968821248,0.042,-0.202,-0.202,-0.202,0.07625,0.05386,250.873,11.981817,0.20882,0.042519998,discount-stores,consumer-defensive,Dollar General Corporation,0.449,2.1167
148,DLTR,16024655872,0.007,-0.323,-0.323,-0.323,0.08411,0.027520001,146.319,,-0.12983,0.04566,discount-stores,consumer-defensive,"Dollar Tree, Inc.",0.874,1.0216
149,D,45889744896,0.034,5.846,5.846,5.846,0.48187,0.35981,156.351,20.084558,0.085030004,0.02589,utilities-regulated-electric,utilities,"Dominion Energy, Inc.",0.596,2.06
150,DPZ,16249366528,0.031,0.301,0.301,0.301,0.19743,0.18064,,28.90031,,0.31768,restaurants,consumer-cyclical,"Domino's Pizza, Inc.",0.859,2.5548
151,DOV,28077713408,0.013,0.219,0.219,0.219,0.20838,0.17549999,59.444,20.274275,0.2911,0.07851,specialty-industrial-machinery,industrials,Dover Corporation,1.218,2.572
152,DOW,27287558144,0.014,-0.286,-0.286,-0.286,0.11237001,0.04146,95.059,24.730772,0.05863,0.02254,chemicals,basic-materials,Dow Inc.,1.222,0.3964
153,DHI,42910171136,-0.048,-0.118,-0.118,-0.118,0.16855,0.16636999,22.915,9.634055,0.19631,0.1113,residential-construction,consumer-cyclical,"D.R. Horton, Inc.",1.744,0.5269
154,DTE,25411291136,0.006,0.425,0.425,0.425,0.27773002,0.17791,213.847,16.603518,0.13638,0.02964,utilities-regulated-electric,utilities,DTE Energy Company,0.683,3.3284
155,DUK,88827699200,0.02,0.01,0.01,0.01,0.47414002,0.26147,169.205,20.570662,0.088369995,0.026619999,utilities-regulated-electric,utilities,Duke Energy Corporation,0.457,2.8753
156,DD,32383217664,0.044,0.548,0.548,0.548,0.24426001,0.16604,31.03,60.624,0.02187,0.0292,specialty-chemicals,basic-materials,"DuPont de Nemours, Inc.",1.338,0.4336
157,EMN,11665196032,0.087,0.027,0.027,0.027,0.18022,0.14976,90.817,13.211718,0.15925,0.049990002,specialty-chemicals,basic-materials,Eastman Chemical Company,1.459,1.6091
158,ETN,124823986176,0.079,0.14,0.14,0.14,0.2215,0.19228001,52.594,33.232483,0.20079,0.07403,specialty-industrial-machinery,industrials,Eaton Corporation plc,1.01,2.6409
159,EBAY,32490571776,0.03,-0.477,-0.477,-0.477,0.25511,0.23098,145.0,17.0,0.35851002,0.06922,internet-retail,consumer-cyclical,eBay Inc.,1.337,
160,ECL,70798950400,0.178,,,,0.22575001,0.14715,103.915,35.092197,0.25164,0.07416,specialty-chemicals,basic-materials,Ecolab Inc.,1.141,2.5412
161,EIX,19802730496,0.106,2.3,2.3,2.3,0.37203,0.21169001,202.126,14.952239,0.07411,0.0298,utilities-regulated-electric,utilities,Edison International,0.935,0.5976
162,EW,41492430848,0.089,7.161,7.161,7.161,0.32501,0.29113,7.353,27.162163,0.19139,0.106479995,medical-devices,healthcare,Edwards Lifesciences Corporation,1.12,6.5188
163,EA,34401529856,0.058,-0.245,-0.245,-0.245,0.2551,0.21481001,29.954,33.577026,0.13962,0.07274,electronic-gaming-multimedia,communication-services,Electronic Arts Inc.,0.781,1.3834
164,ELV,90779303936,0.054,-0.2,-0.2,-0.2,0.06521,0.043860003,61.87,15.194876,0.15504,0.05844,healthcare-plans,healthcare,"Elevance Health, Inc.",0.853,0.851
165,EMR,71885987840,0.129,0.342,0.342,0.342,0.26378,0.17601,30.376,35.945087,0.05933,0.04335,specialty-industrial-machinery,industrials,Emerson Electric Co.,1.292,1.6937
166,ENPH,8985936896,-0.309,-0.587,-0.587,-0.587,0.08229999,0.1325,143.041,88.23611,0.06312,0.00565,solar,technology,"Enphase Energy, Inc.",1.767,0.4652
167,ETR,35501711360,-0.057,-0.048,-0.048,-0.048,0.38752997,0.33657002,188.807,20.09756,0.11951,0.024149999,utilities-regulated-electric,utilities,Entergy Corporation,0.701,8.9053
168,EOG,71251255296,-0.039,-0.152,-0.152,-0.152,0.55179,0.35568002,13.911,10.226355,0.24908,0.12552,oil-gas-e-p,energy,"EOG Resources, Inc.",1.289,66.4544
169,EPAM,14989191168,0.013,0.436,0.436,0.436,0.14220999,0.15467,4.654,34.350925,0.13094,0.08329,information-technology-services,technology,"EPAM Systems, Inc.",1.457,1.8036
170,EQT,30687465472,0.195,,,,0.56264997,-0.22052,67.324,68.14667,0.018229999,0.01047,oil-gas-e-p,energy,EQT Corporation,1.069,
171,EFX,30786719744,0.093,-0.137,-0.137,-0.137,0.3038,0.17138,108.422,50.98152,0.11927,0.05224,consulting-services,industrials,Equifax Inc.,1.594,0.8373
172,EQIX,90538762240,0.189,0.058,0.058,0.058,0.39908,0.15682,140.964,84.76567,0.08267,0.025559999,reit-specialty,real-estate,"Equinix, Inc.",0.701,5.3341
173,EQR,28208947200,0.034,-0.17,-0.17,-0.17,0.61077,0.29834,76.033,26.51673,0.08361,0.0273,reit-residential,real-estate,Equity Residential,0.913,7.5756
174,ERIE,21588926464,0.164,0.22,0.22,0.22,0.19273001,0.18504,0.406,38.59925,0.31418,0.15749,insurance-brokers,financial-services,Erie Indemnity Company,0.454,
175,ESS,20550268928,0.076,0.353,0.353,0.353,0.63308996,0.30375,113.371,25.830238,0.10176,0.02683,reit-residential,real-estate,"Essex Property Trust, Inc.",0.897,6.441
176,EL,23115302912,-0.045,,,,0.15779,0.038680002,196.892,,0.03857,0.04572,household-personal-products,consumer-defensive,The Est√©e Lauder Companies Inc.,1.044,1.2327
177,EG,14528056320,0.128,-0.245,-0.245,-0.245,,0.16320999,22.087,10.583281,0.20858,0.03416,insurance-reinsurance,financial-services,"Everest Group, Ltd.",0.629,
178,EVRG,14996734976,0.085,0.322,0.322,0.322,0.4438,0.34443,137.464,17.624325,0.08733,0.027880002,utilities-regulated-electric,utilities,"Evergy, Inc.",0.608,1.7716
179,ES,21771606016,0.097,,,,0.35696,0.21024,187.768,,-0.03491,0.02987,utilities-regulated-electric,utilities,Eversource Energy,0.622,2.0487
180,EXC,41509527552,0.029,,,,0.31181,0.19174999,173.221,16.930328,0.0933,0.02596,utilities-regulated-electric,utilities,Exelon Corporation,0.61,2.4383
181,EXPE,24855689216,0.033,0.756,0.756,0.756,0.12842,0.21181999,255.417,19.273333,0.38564998,0.041589998,travel-services,consumer-cyclical,"Expedia Group, Inc.",1.785,0.4646
182,EXPD,15498093568,0.37,0.405,0.405,0.405,0.10147,0.1005,23.009,21.60274,0.30290002,0.12048,integrated-freight-logistics,industrials,"Expeditors International of Washington, Inc.",0.974,3.3087
183,EXR,34418593792,0.12,-0.051,-0.051,-0.051,0.68276,0.46028,81.828,41.71123,0.05568,0.03329,reit-industrial,real-estate,Extra Space Storage Inc.,0.886,4.8656
184,XOM,474007961600,-0.015,-0.147,-0.147,-0.147,0.20807,0.13274,15.394,13.836086,0.14513999,0.07083,oil-gas-integrated,energy,Exxon Mobil Corporation,0.88,4.6263
185,FFIV,17836179456,0.056,0.102,0.102,0.102,0.27772,0.25844,6.895,30.568296,0.19117,0.0777,software-infrastructure,technology,"F5, Inc.",1.05,1.5772
186,FDS,17846734848,0.049,0.382,0.382,0.382,0.37728,0.23386,82.338,33.678932,0.30411,0.11006,financial-data-stock-exchanges,financial-services,FactSet Research Systems Inc.,0.752,2.5211
187,FICO,46084300800,0.164,0.353,0.353,0.353,0.43519002,0.4345,,86.94388,,0.27847,software-application,technology,Fair Isaac Corporation,1.352,1.8444
188,FAST,42805784576,0.035,0.005,0.005,0.005,0.22636,0.20317,14.644,37.292927,0.32698002,0.2034,industrial-distribution,industrials,Fastenal Company,0.979,3.3287
189,FRT,9476804608,0.058,0.037,0.037,0.037,0.62364,0.35044998,135.474,32.168118,0.09324,0.03082,reit-retail,real-estate,Federal Realty Investment Trust,1.258,4.5662
190,FDX,62325002240,0.139,-0.133,-0.133,-0.133,0.12427,0.0764,,16.531956,0.1507,0.047270004,integrated-freight-logistics,industrials,FedEx Corporation,1.177,0.9385
191,FIS,44909490176,0.031,,,,0.35599998,0.2358,66.387,85.122444,0.03034,0.02592,information-technology-services,technology,"Fidelity National Information Services, Inc.",1.074,0.6308
192,FITB,29674549248,-0.03,-0.143,-0.143,-0.143,,0.36917,,14.115385,0.119160004,0.01041,banks-regional,financial-services,Fifth Third Bancorp,1.231,3.5599
193,FSLR,18022144000,0.108,0.164,0.164,0.164,0.44587,0.36275002,9.141,14.449785,0.17964001,0.078990005,solar,technology,"First Solar, Inc.",1.481,0.246
194,FE,23144890368,0.069,0.049,0.049,0.049,0.29599002,0.22151,173.13,25.909678,0.083050005,0.02707,utilities-regulated-electric,utilities,FirstEnergy Corp.,0.495,1.2111
195,FI,131556818944,0.07,-0.372,-0.372,-0.372,0.43563998,0.30719,89.406,42.92164,0.10618,0.043169998,information-technology-services,technology,"Fiserv, Inc.",0.919,1.1983
196,FMC,4451653632,0.085,,,,0.16874,0.14849,90.927,11.10611,0.38454,0.028269999,agricultural-inputs,basic-materials,FMC Corporation,0.853,
197,F,36701556736,0.055,-0.265,-0.265,-0.265,0.051220004,0.02678,359.359,6.328767,0.0799,0.00746,auto-manufacturers,consumer-cyclical,Ford Motor Company,1.636,0.8035
198,FTNT,82516328448,0.13,0.707,0.707,0.707,0.30257,0.31152,118.588,46.206013,3.1152499,0.12324,software-infrastructure,technology,"Fortinet, Inc.",0.995,1.8078
199,FTV,27700402176,0.027,0.033,0.033,0.033,0.27416,0.19379999,38.261,31.891127,0.08615,0.044299997,scientific-technical-instruments,technology,Fortive Corporation,1.174,1.3103
200,FOXA,23485585408,0.111,1.171,1.171,1.171,0.21106,0.2674,70.271,11.426408,0.17711,0.07429,entertainment,communication-services,Fox Corporation,0.77,7.3002
201,FOX,23485577216,0.111,1.171,1.171,1.171,0.21106,0.2674,70.271,10.820734,0.17711,0.07429,entertainment,communication-services,Fox Corporation,0.77,6.919
202,BEN,10817950720,0.113,,,,0.19915001,0.13069999,25.715,31.921877,0.04321,0.02464,asset-management,financial-services,"Franklin Resources, Inc.",1.402,1.4829
203,FCX,54919467008,0.166,0.161,0.161,0.161,0.38612,0.29042998,33.531,28.522388,0.16870001,0.08642,copper,basic-materials,Freeport-McMoRan Inc.,1.91,6.0495
204,GRMN,42203164672,0.241,0.545,0.545,0.545,0.26808,0.27583,1.908,27.942234,0.21909,0.10241,scientific-technical-instruments,technology,Garmin Ltd.,0.983,3.2665
205,IT,41224441856,0.054,1.354,1.354,1.354,0.2116,0.16731001,282.147,33.330605,1.30419,0.094960004,information-technology-services,technology,"Gartner, Inc.",1.322,
206,GE,221162504192,0.058,6.064,6.064,6.064,0.12773,0.18247999,110.224,33.763157,0.22552,0.03017,aerospace-defense,industrials,GE Aerospace,1.188,16.5223
207,GEHC,40456114176,0.009,0.242,0.242,0.242,0.18258,0.16059999,126.093,24.277008,0.21853,0.05637,health-information-services,healthcare,GE HealthCare Technologies Inc.,,2.3384
208,GEV,104282300416,0.08,,,,0.04058,-0.00247,9.346,67.13499,,,utilities-renewable,utilities,GE Vernova Inc.,,3.2487
209,GEN,17028396032,0.031,0.132,0.132,0.132,0.46828997,0.41581002,409.342,27.088236,0.2766,0.06242,software-infrastructure,technology,Gen Digital Inc.,1.054,0.6928
210,GNRC,8490859520,0.096,0.948,0.948,0.948,0.16014,0.14369,65.432,29.792454,0.123780005,0.059180003,specialty-industrial-machinery,industrials,Generac Holdings Inc.,1.367,0.9669
211,GD,69080080384,0.104,0.102,0.102,0.102,0.11734,0.10205,48.609,18.765097,0.16952999,0.05114,aerospace-defense,industrials,General Dynamics Corporation,0.614,1.9303
212,GIS,32654921728,-0.012,-0.096,-0.096,-0.096,0.21285,0.175,139.823,12.870896,0.24168,0.07251,packaged-foods,consumer-defensive,"General Mills, Inc.",0.107,3.295
213,GM,47690448896,0.105,0.218,0.218,0.218,0.10054,0.07857,174.581,7.522222,0.14167,0.026989998,auto-manufacturers,consumer-cyclical,General Motors Company,1.414,1.3545
214,GPC,16411896832,0.025,-0.349,-0.349,-0.349,0.088190004,0.063319996,127.177,15.211886,0.24416,0.056009997,auto-parts,consumer-cyclical,Genuine Parts Company,0.933,4.7457
215,GILD,122184015872,0.07,-0.422,-0.422,-0.422,0.49291,0.41962,126.415,1067.1111,0.00561,0.119619995,drug-manufacturers-general,healthcare,"Gilead Sciences, Inc.",0.192,0.5673
216,GPN,28287102976,0.051,-0.109,-0.109,-0.109,0.43456,0.2663,74.476,20.956022,0.06064,0.03162,specialty-business-services,industrials,Global Payments Inc.,0.979,0.4419
217,GL,10364701696,0.052,0.284,0.284,0.284,0.26114,0.28285998,67.544,10.046379,0.23546,0.03308,insurance-life,financial-services,Globe Life Inc.,0.807,
218,GDDY,29678657536,0.073,0.483,0.483,0.483,0.22665001,0.22159,1107.373,16.92554,,0.07535,software-infrastructure,technology,GoDaddy Inc.,1.114,
219,GS,204344344576,0.042,0.536,0.536,0.536,,0.32743,609.793,16.23515,0.1017,0.00737,capital-markets,financial-services,"The Goldman Sachs Group, Inc.",1.342,3.9384
220,HAL,22384236544,-0.018,-0.18,-0.18,-0.18,0.22156,0.17114,83.993,8.9964285,0.26293,0.10176,oil-gas-equipment-services,energy,Halliburton Company,1.905,1.7048
221,HIG,32648351744,0.095,0.225,0.225,0.225,0.16309,0.14918,25.629,10.968115,0.19740999,0.03165,insurance-property-casualty,financial-services,"The Hartford Financial Services Group, Inc.",0.936,
222,HAS,8321267200,-0.148,,,,0.17863001,0.23562,305.016,,-0.36224997,0.047319997,leisure,consumer-cyclical,"Hasbro, Inc.",0.619,0.6775
223,HCA,82202615808,0.079,0.248,0.248,0.248,0.19745001,0.13781999,5711.069,14.752633,11.954511,0.115109995,medical-care-facilities,healthcare,"HCA Healthcare, Inc.",1.689,1.0369
224,DOC,13893381120,0.259,0.046,0.046,0.046,0.54783,0.16525999,96.594,55.166668,0.04085,0.01592,reit-healthcare-facilities,real-estate,"Healthpeak Properties, Inc.",1.117,4.0809
225,HSIC,9914816512,0.004,-0.257,-0.257,-0.257,0.07377,0.06553,60.189,32.644627,0.06334,0.03876,medical-distribution,healthcare,"Henry Schein, Inc.",0.867,1.9211
226,HSY,30826731520,-0.014,-0.127,-0.127,-0.127,0.26912,0.22027999,134.227,13.945094,0.43405998,0.12749,confectioners,consumer-defensive,The Hershey Company,0.374,4.7237
227,HES,44042391552,0.133,-0.012,-0.012,-0.012,0.56046003,0.33291,81.969,15.794475,0.2885,0.115150005,oil-gas-e-p,energy,Hess Corporation,1.16,1.3097
228,HPE,28095543296,0.101,0.086,0.086,0.086,0.16916001,0.07808,53.696,11.078126,0.086660005,0.02484,communication-equipment,technology,Hewlett Packard Enterprise Company,1.206,3.7034
229,HLT,65054887936,0.063,-0.042,-0.042,-0.042,0.52332,0.50161,,44.066994,,0.09082,lodging,consumer-cyclical,Hilton Worldwide Holdings Inc.,1.307,1.1922
230,HOLX,14686331904,0.045,1.116,1.116,1.116,0.31164,0.24355,49.407,20.698719,0.13846,0.06446,medical-instruments-supplies,healthcare,"Hologic, Inc.",0.986,1.3265
231,HD,411411120128,0.066,-0.037,-0.037,-0.037,0.16014999,0.13472,1095.368,28.094482,4.04933,0.15313,home-improvement-retail,consumer-cyclical,"The Home Depot, Inc.",1.011,5.3428
232,HON,133638758400,0.056,-0.048,-0.048,-0.048,0.24211,0.2207,177.821,23.595867,0.31865,0.07332,conglomerates,industrials,Honeywell International Inc.,1.025,1.7742
233,HRL,16031179776,-0.022,0.075,0.075,0.075,0.113000005,0.08943,36.305,19.863945,0.10005,0.05164,packaged-foods,consumer-defensive,Hormel Foods Corporation,0.254,2.8387
234,HST,11825352704,0.092,-0.252,-0.252,-0.252,0.27102,0.08176,81.953,16.271845,0.105229996,0.037639998,reit-hotel-motel,real-estate,"Host Hotels & Resorts, Inc.",1.344,1.806
235,HWM,52407566336,0.107,0.8,0.8,0.8,0.24374,0.22452,78.925,49.496124,0.25719,0.09047,aerospace-defense,industrials,Howmet Aerospace Inc.,1.293,
236,HPQ,30572212224,0.024,-0.145,-0.145,-0.145,0.09462,0.07486,,11.607914,,0.07047,computer-hardware,technology,HP Inc.,1.087,1.1957
237,HUBB,21518112768,0.049,0.095,0.095,0.095,0.2245,0.21149,64.783,27.47978,0.25344,0.10549,electrical-equipment-parts,industrials,Hubbell Incorporated,0.899,2.249
238,HUM,33664677888,0.113,-0.407,-0.407,-0.407,0.03286,0.02664,75.908,24.384888,0.078379996,0.040149998,healthcare-plans,healthcare,Humana Inc.,0.52,1.3201
239,HBAN,24944310272,-0.012,-0.057,-0.057,-0.057,,0.37835,,14.099999,0.08545,0.00865,banks-regional,financial-services,Huntington Bancshares Incorporated,1.057,2.8669
240,HII,6593047552,-0.024,-0.309,-0.309,-0.309,0.091479994,0.04147,67.095,11.438561,0.17666,0.042680003,aerospace-defense,industrials,"Huntington Ingalls Industries, Inc.",0.548,1.1488
241,IBM,233324920832,0.015,,,,0.23452,0.14130999,245.112,39.366615,0.26729,0.047270004,information-technology-services,technology,International Business Machines Corporation,0.71,1.3886
242,IEX,15093180416,0.006,-0.429,-0.429,-0.429,0.27003,0.22375,55.059,30.052147,0.13592,0.06906,specialty-industrial-machinery,industrials,IDEX Corporation,0.952,2.0815
243,IDXX,37712809984,0.066,0.107,0.107,0.107,0.33797002,0.37455,61.696,43.090908,0.59424,0.22787,diagnostics-research,healthcare,"IDEXX Laboratories, Inc.",1.357,4.5976
244,ITW,75466866688,-0.016,0.533,0.533,0.533,0.29167998,0.26752,246.05,21.786873,1.08036,0.17029,specialty-industrial-machinery,industrials,Illinois Tool Works Inc.,1.109,3.6114
245,INCY,14439114752,0.238,-0.289,-0.289,-0.289,0.01975,0.14961,1.151,823.6666,0.00802,-0.00124,biotechnology,healthcare,Incyte Corporation,0.71,0.6535
246,IR,36653940736,0.07,0.059,0.059,0.059,0.2656,0.20698999,47.256,45.02475,0.08479,0.053400002,specialty-industrial-machinery,industrials,Ingersoll Rand Inc.,1.422,1.3325
247,PODD,20178534400,0.257,0.46,0.46,0.46,0.20697,0.16198,128.909,49.060658,0.48786,0.07566,medical-devices,healthcare,Insulet Corporation,1.219,4.3536
248,INTC,83915472896,-0.062,,,,0.19243,-0.0104600005,47.906,,-0.15597,-0.00263,semiconductors,technology,Intel Corporation,1.026,1.0239
249,ICE,96342982656,0.173,0.188,0.188,0.188,0.60697,0.4768,78.899,35.122105,0.09408,0.01983,financial-data-stock-exchanges,financial-services,"Intercontinental Exchange, Inc.",1.092,2.7036
250,IFF,21904312320,0.037,1.346,1.346,1.346,0.16433,0.08547,66.117,,-0.1453,0.01613,specialty-chemicals,basic-materials,International Flavors & Fragrances Inc.,1.238,1.8646
251,IP,29563244544,0.016,-0.111,-0.111,-0.111,0.10488,0.05356,69.707,35.48734,0.04797,0.02327,packaging-containers,consumer-cyclical,International Paper Company,0.988,0.812
252,IPG,10329752576,-0.029,-0.921,-0.921,-0.921,0.18547001,0.16194999,111.806,13.090477,0.21792999,0.05392,advertising-agencies,communication-services,"The Interpublic Group of Companies, Inc.",1.09,147.486
253,INTU,165206671360,0.41,-0.185,-0.185,-0.185,0.27608,0.15697,,57.48262,0.16597,0.08039,software-application,technology,Intuit Inc.,1.246,1.7717
254,ISRG,209892605952,0.169,0.345,0.345,0.345,0.31844,0.28325,,91.80787,0.15973,0.0795,medical-instruments-supplies,healthcare,"Intuitive Surgical, Inc.",1.389,4.0673
255,IVZ,8588165632,0.051,-0.586,-0.586,-0.586,0.17886,0.19670999,5.597,16.301725,-0.00944,0.019129999,asset-management,financial-services,Invesco Ltd.,1.424,1.6229
256,INVH,19370602496,0.058,-0.286,-0.286,-0.286,0.55103,0.26127002,90.848,43.916668,0.04369,0.02244,reit-residential,real-estate,Invitation Homes Inc.,1.014,14.6343
257,IQV,36973989888,0.043,-0.049,-0.049,-0.049,0.18459,0.14836,200.258,28.01346,0.22001,0.051149998,diagnostics-research,healthcare,IQVIA Holdings Inc.,1.513,1.1088
258,IRM,31165517824,0.122,,,,0.33431,0.19572,,294.61108,0.54398996,0.04216,reit-specialty,real-estate,Iron Mountain Incorporated,1.023,
259,JBHT,16996811776,-0.03,-0.172,-0.172,-0.172,0.12884,0.07304,47.555,30.374771,0.14192,0.06194,integrated-freight-logistics,industrials,"J.B. Hunt Transport Services, Inc.",1.141,2.9811
260,JBL,18155401216,-0.177,0.016,0.016,0.016,0.074200004,0.05327,207.887,15.678673,0.60295,0.04918,electronic-components,technology,Jabil Inc.,1.245,
261,JKHY,12685434880,0.052,0.173,0.173,0.173,0.2544,0.25171,10.28,31.373646,0.22278,0.11213,information-technology-services,technology,"Jack Henry & Associates, Inc.",0.636,2.9362
262,J,16412316672,0.011,-0.092,-0.092,-0.092,0.0871,0.07455,47.856,36.493187,0.093260005,0.049829997,engineering-construction,industrials,Jacobs Solutions Inc.,0.702,1.6724
263,JNJ,368654778368,0.052,-0.891,-0.891,-0.891,0.34268,0.24516001,50.958,26.53726,0.20889,0.08403,drug-manufacturers-general,healthcare,Johnson & Johnson,0.518,0.9733
264,JCI,58092228608,-0.095,0.18,0.18,0.18,0.14082,0.14405,54.68,41.34434,0.0805,0.03556,building-products-equipment,industrials,Johnson Controls International plc,1.306,1.5006
265,JPM,774655967232,0.03,0.009,0.009,0.009,,0.43787998,,14.028483,0.16216,0.013259999,banks-diversified,financial-services,JPMorgan Chase & Co.,1.091,7.5285
266,JNPR,11919195136,-0.048,0.175,0.175,0.175,0.099020004,0.08452,39.109,42.0,0.055760004,0.02182,communication-equipment,technology,"Juniper Networks, Inc.",0.921,
267,K,28368646144,-0.007,0.348,0.348,0.348,0.15876001,0.15002,173.603,21.21134,0.26036,0.06087,packaged-foods,consumer-defensive,Kellanova,0.395,1.6671
268,KVUE,38690308096,-0.004,-0.125,-0.125,-0.125,0.22343001,0.19850999,82.929,36.69091,0.098809995,0.065,household-personal-products,consumer-defensive,Kenvue Inc.,,1.8386
269,KDP,42104209408,0.023,0.216,0.216,0.216,0.27924,0.23181999,67.319,18.698795,0.09052,0.04185,beverages-non-alcoholic,consumer-defensive,Keurig Dr Pepper Inc.,0.634,2.2013
270,KEY,19866802176,-0.602,,,,,-0.86054003,,,0.0096700005,0.00077,banks-regional,financial-services,KeyCorp,1.231,0.7719
271,KEYS,30706644992,-0.119,0.379,0.379,0.379,0.23726,0.17091,38.929,50.52754,0.18031,0.0644,scientific-technical-instruments,technology,"Keysight Technologies, Inc.",0.981,1.2193
272,KMB,43233542144,-0.035,0.555,0.555,0.555,0.19393,0.15246001,517.798,17.03268,2.30998,0.114630006,household-personal-products,consumer-defensive,Kimberly-Clark Corporation,0.412,1.502
273,KIM,15106174976,0.138,0.054,0.054,0.054,0.60912,0.33708,78.638,41.46296,0.03829,0.02132,reit-retail,real-estate,Kimco Realty Corporation,1.485,87.8824
274,KMI,60073144320,-0.053,0.181,0.181,0.181,0.43357,0.27467,101.433,22.915257,0.083500005,0.03848,oil-gas-midstream,energy,"Kinder Morgan, Inc.",0.907,1.9609
275,KKR,139887345664,0.238,-0.61,-0.61,-0.61,,0.2619,83.045,46.295948,0.08284,0.01574,asset-management,financial-services,KKR & Co. Inc.,1.606,0.6952
276,KLAC,101235589120,0.185,0.296,0.296,0.296,0.41428003,0.39413,191.76,32.048866,0.90577006,0.16156,semiconductor-equipment-materials,technology,KLA Corporation,1.29,1.4983
277,KHC,35428679680,-0.028,,,,0.24669,0.21431999,41.451,26.160713,0.027999999,0.03844,packaged-foods,consumer-defensive,The Kraft Heinz Company,0.475,0.7839
278,KR,47034392576,-0.006,-0.882,-0.882,-0.882,0.05371,0.01993,229.201,17.195766,0.24285999,0.059609998,grocery-stores,consumer-defensive,The Kroger Co.,0.471,2.8923
279,LHX,39196856320,0.077,0.04,0.04,0.04,0.17528999,0.098450005,67.726,26.2586,0.06258,0.03553,aerospace-defense,industrials,"L3Harris Technologies, Inc.",0.726,0.2997
280,LH,20661512192,0.074,-0.052,-0.052,-0.052,0.13164,0.08291,95.001,28.017065,0.05432,0.03964,diagnostics-research,healthcare,Labcorp Holdings Inc.,1.036,0.53
281,LRCX,106325901312,0.197,0.284,0.284,0.284,0.31557,0.30331,58.827,25.17737,0.49116,0.14961,semiconductor-equipment-materials,technology,Lam Research Corporation,1.486,1.6095
282,LW,8481390592,-0.007,-0.45,-0.45,-0.45,0.20048,0.12823,221.158,23.376984,0.37015,0.08644,packaged-foods,consumer-defensive,"Lamb Weston Holdings, Inc.",0.715,2.4272
283,LVS,31161616384,-0.04,-0.243,-0.243,-0.243,0.34133998,0.19202,384.206,21.59799,0.45166,0.07383,resorts-casinos,consumer-cyclical,Las Vegas Sands Corp.,1.117,0.9458
284,LDOS,18983514112,0.069,,,,0.12637,0.12291,110.135,16.021397,0.27035,0.08445,information-technology-services,technology,"Leidos Holdings, Inc.",0.688,
285,LEN,33580445696,0.079,0.101,0.101,0.101,0.15178001,0.13887,14.665,8.887755,0.15878001,0.087790005,residential-construction,consumer-cyclical,Lennar Corporation,1.619,1.1062
286,LII,20837322752,0.096,0.83,0.83,0.83,0.20475,0.20125,188.727,25.977417,1.65014,0.19367,building-products-equipment,industrials,Lennox International Inc.,1.078,2.2225
287,LLY,789878210560,0.204,,,,0.40541,0.39773998,218.081,74.056496,0.65318,0.13946,drug-manufacturers-general,healthcare,Eli Lilly and Company,0.43,0.8227
288,LIN,219356381184,0.025,0.009,0.009,0.009,0.38095,0.2719,54.828,34.97694,0.1619,0.06832,specialty-chemicals,basic-materials,Linde plc,0.949,2.6194
289,LYV,34587525120,-0.062,-0.139,-0.139,-0.139,0.06582,0.08307,419.155,168.53409,0.35808998,0.03192,entertainment,communication-services,"Live Nation Entertainment, Inc.",1.334,5.2549
290,LKQ,9714688000,0.004,-0.059,-0.059,-0.059,0.11946,0.09235,92.384,13.796296,0.117740005,0.05435,auto-parts,consumer-cyclical,LKQ Corporation,1.286,2.2397
291,LMT,105575063552,0.013,0.01,0.01,0.01,0.14343001,0.12687,268.347,20.117249,0.81037,0.09992,aerospace-defense,industrials,Lockheed Martin Corporation,0.481,1.6758
292,L,18801061888,0.138,0.625,0.625,0.625,0.18778,0.15069,52.247,11.553927,0.10669,0.02079,insurance-property-casualty,financial-services,Loews Corporation,0.818,
293,LOW,145086709760,-0.055,-0.086,-0.086,-0.086,0.14797,0.14615,,21.368958,,0.14649999,home-improvement-retail,consumer-cyclical,"Lowe's Companies, Inc.",1.098,4.9615
294,LULU,50154229760,0.073,0.175,0.175,0.175,0.27029,0.22784,36.186,29.753363,0.43159,0.22567,apparel-retail,consumer-cyclical,Lululemon Athletica Inc.,1.237,1.5877
295,LYB,25190975488,-0.029,-0.236,-0.236,-0.236,0.10853,0.0777,92.277,11.786154,0.1586,0.0506,specialty-chemicals,basic-materials,LyondellBasell Industries N.V.,1.091,1.3295
296,MTB,33507743744,0.012,0.01,0.01,0.01,,0.42766997,,13.790778,0.08676,0.01135,banks-regional,financial-services,M&T Bank Corporation,0.732,
297,MPC,48009871360,-0.148,-0.774,-0.774,-0.774,0.07248,0.03243,114.328,15.087437,0.21053,0.05155,oil-gas-refining-marketing,energy,Marathon Petroleum Corporation,1.371,
298,MKTX,7592535040,0.2,0.301,0.301,0.301,0.50833,0.42646,5.424,27.62277,0.21625,0.1183,capital-markets,financial-services,MarketAxess Holdings Inc.,1.053,2.4855
299,MAR,84471136256,0.066,-0.175,-0.175,-0.175,0.62603,0.58181,,31.729645,,0.091450006,lodging,consumer-cyclical,"Marriott International, Inc.",1.585,2.6573
300,MMC,111681134592,0.059,0.027,0.027,0.027,0.30261,0.20994,106.462,27.630621,0.32048,0.08321,insurance-brokers,financial-services,"Marsh & McLennan Companies, Inc.",0.937,2.401
301,MLM,33336215552,-0.053,-0.122,-0.122,-0.122,0.2987,0.2631,48.348,16.921143,0.23437001,0.05549,building-materials,basic-materials,"Martin Marietta Materials, Inc.",0.897,3.6999
302,MAS,16709715968,0.002,-0.3,-0.3,-0.3,0.18955,0.18003,2238.028,20.6,5.70874,0.15691,building-products-equipment,industrials,Masco Corporation,1.25,1.8951
303,MA,517739577344,0.128,0.041,0.041,0.041,0.61647,0.59301996,244.839,40.808556,1.7757801,0.22886999,credit-services,financial-services,Mastercard Incorporated,1.101,2.2169
304,MTCH,8685247488,0.016,-0.11,-0.11,-0.11,0.28493,0.27456,,17.15736,,0.123950005,internet-content-information,communication-services,"Match Group, Inc.",1.487,0.5595
305,MKC,20715816960,-0.003,0.317,0.317,0.317,0.19018999,0.17282,84.828,26.469593,0.15067,0.05164,packaged-foods,consumer-defensive,"McCormick & Company, Incorporated",0.764,2.6027
306,MCD,210944229376,0.027,-0.013,-0.013,-0.013,0.53378,0.46974,,25.838453,,0.13629,restaurants,consumer-cyclical,McDonald's Corporation,0.735,2.8271
307,MCK,75164762112,0.213,-0.62,-0.62,-0.62,0.01481,0.00796,,27.552729,,0.03917,medical-distribution,healthcare,McKesson Corporation,0.436,1.4875
308,MDT,116457644032,0.028,0.356,0.356,0.356,0.27667,0.17511,57.859,27.780865,0.07948,0.04415,medical-devices,healthcare,Medtronic plc,0.853,1.5461
309,MRK,222734204928,0.044,-0.333,-0.333,-0.333,0.36293,0.26198998,85.572,13.065868,0.28332,0.10531,drug-manufacturers-general,healthcare,"Merck & Co., Inc.",0.411,0.1861
310,META,1803941445632,0.189,0.374,0.374,0.374,0.50701,0.42765,29.811,29.846283,0.36134,0.17188999,internet-content-information,communication-services,"Meta Platforms, Inc.",1.215,2.076
311,MET,57837662208,0.162,2.232,2.232,2.232,0.098620005,0.15087,151.463,13.645528,0.13260001,0.0058099995,insurance-life,financial-services,"MetLife, Inc.",1.039,0.1477
312,MTD,29332752384,0.013,0.081,0.081,0.081,0.30366,0.29361,,33.55867,,0.20142001,diagnostics-research,healthcare,Mettler-Toledo International Inc.,1.159,2.8658
313,MGM,10292872192,0.053,0.326,0.326,0.326,0.14848,0.079679996,841.031,12.346429,0.2901,0.02535,resorts-casinos,consumer-cyclical,MGM Resorts International,2.241,1.9108
314,MCHP,28520609792,-0.484,-0.884,-0.884,-0.884,0.35491002,0.12726,102.895,92.66071,0.118030004,0.044099998,semiconductors,technology,Microchip Technology Incorporated,1.526,8.8734
315,MU,105333686272,0.933,,,,0.35618,0.19703,31.194,27.06745,0.01743,0.01165,semiconductors,technology,"Micron Technology, Inc.",1.179,0.1875
316,MSFT,3091199164416,0.16,0.104,0.104,0.104,0.53720003,0.46583998,33.657,33.55856,0.35604,0.14592,software-infrastructure,technology,Microsoft Corporation,0.904,2.202
317,MAA,19545344000,0.017,0.039,0.039,0.039,0.5714,0.29549,79.953,35.296875,0.08611,0.036259998,reit-residential,real-estate,"Mid-America Apartment Communities, Inc.",0.874,
318,MRNA,12933723136,0.017,,,,-0.46487,-0.03759,11.361,,-0.17524,-0.09549,biotechnology,healthcare,"Moderna, Inc.",1.69,
319,MHK,7698906112,-0.017,,,,0.14331001,0.08525,32.986,14.985057,0.07457,0.04316,furnishings-fixtures-appliances,consumer-cyclical,"Mohawk Industries, Inc.",1.389,
320,MOH,15960562688,0.174,0.342,0.342,0.342,0.04832,0.0475,53.019,13.968028,0.26454002,0.06901,healthcare-plans,healthcare,"Molina Healthcare, Inc.",0.586,
321,TAP,11193133056,-0.078,-0.515,-0.515,-0.515,0.20702,0.16124001,48.838,12.248307,0.071669996,0.040700004,beverages-brewers,consumer-defensive,Molson Coors Beverage Company,0.827,2.5487
322,MDLZ,75606827008,0.019,-0.125,-0.125,-0.125,0.20507999,0.11147001,73.232,16.942028,0.13552,0.05356,confectioners,consumer-defensive,"Mondelez International, Inc.",0.561,4.8996
323,MPWR,34444517376,0.306,0.19,0.19,0.19,0.25607002,0.26451,0.693,18.051378,0.20214,0.11712,semiconductors,technology,"Monolithic Power Systems, Inc.",1.148,1.7615
324,MNST,45290254336,0.013,-0.116,-0.116,-0.116,0.28408,0.25514,13.985,29.662418,0.23517,0.14588,beverages-non-alcoholic,consumer-defensive,Monster Beverage Corporation,0.742,1.4642
325,MCO,91213561856,0.232,0.389,0.389,0.389,0.48057,0.42029998,197.861,45.87967,0.54016,0.120950006,financial-data-stock-exchanges,financial-services,Moody's Corporation,1.289,2.2641
326,MS,226715795456,0.165,0.362,0.362,0.362,,0.33174,405.772,17.741446,0.11079001,0.00935,capital-markets,financial-services,Morgan Stanley,1.336,3.7722
327,MOS,8528768000,-0.208,,,,0.16656,0.041050002,35.767,23.347826,0.03346,0.02177,agricultural-inputs,basic-materials,The Mosaic Company,1.36,2.0054
328,MSI,80568647680,0.092,0.219,0.219,0.219,0.29582,0.27097,490.007,52.903973,1.82528,0.13376,communication-equipment,technology,"Motorola Solutions, Inc.",0.979,2.2814
329,MSCI,46041575424,0.159,0.092,0.092,0.092,0.57893,0.55868,,41.833214,,0.18283,financial-data-stock-exchanges,financial-services,MSCI Inc.,1.11,3.0672
330,NDAQ,48141692928,0.311,-0.114,-0.114,-0.114,0.35799,0.2571,93.096,43.589474,0.10888,0.043870002,financial-data-stock-exchanges,financial-services,"Nasdaq, Inc.",0.96,4.4893
331,NTAP,25218183168,0.076,0.696,0.696,0.696,0.24808,0.19468,285.038,22.845726,1.2042199,0.09156,computer-hardware,technology,"NetApp, Inc.",1.225,1.767
332,NFLX,434463932416,0.15,0.448,0.448,0.448,0.26543,0.29614002,81.461,51.28629,0.34714,0.1184,entertainment,communication-services,"Netflix, Inc.",1.25,2.5155
333,NEM,51093831680,0.847,3.039,3.039,3.039,0.35374,0.28187,30.436,,-0.05159,0.041279998,gold,basic-materials,Newmont Corporation,0.531,
334,NWSA,17013925888,0.031,3.181,3.181,3.181,0.124960005,0.088470004,44.272,38.21053,0.04916,0.03061,entertainment,communication-services,News Corporation,1.351,2.0892
335,NWS,17013932032,0.031,3.181,3.181,3.181,0.124960005,0.088470004,44.272,44.05195,0.04916,0.03061,entertainment,communication-services,News Corporation,1.351,2.4161
336,NEE,142171586560,0.055,0.5,0.5,0.5,0.55544,0.35562,139.015,20.563251,0.09887999,0.030469999,utilities-regulated-electric,utilities,"NextEra Energy, Inc.",0.561,3.5808
337,NKE,106112663552,-0.104,-0.255,-0.255,-0.255,0.14399,0.104320005,86.962,22.154839,0.3798,0.106479995,footwear-accessories,consumer-cyclical,"NIKE, Inc.",1.035,5.0114
338,NI,17826304000,0.048,0.097,0.097,0.097,0.43957,0.19688,131.811,23.26994,0.08756,0.029679999,utilities-regulated-gas,utilities,NiSource Inc.,0.507,2.1613
339,NDSN,12291000320,0.02,-0.081,-0.081,-0.081,0.30726,0.25397,56.526,26.533417,0.17406,0.09146,specialty-industrial-machinery,industrials,Nordson Corporation,0.907,1.7122
340,NSC,56915120128,0.027,1.31,1.31,1.31,0.48373002,0.49885,128.64,21.736475,0.18303,0.06767,railroads,industrials,Norfolk Southern Corporation,1.302,1.1302
341,NTRS,22301423616,0.145,0.49,0.49,0.49,,0.30661,,11.642052,0.13732,0.01118,asset-management,financial-services,Northern Trust Corporation,1.073,0.9267
342,NOC,67829764096,0.023,0.133,0.133,0.133,0.10877,0.12885,122.722,16.47609,0.15484,0.04161,aerospace-defense,industrials,Northrop Grumman Corporation,0.346,2.917
343,NCLH,12434958336,0.107,0.34,0.34,0.34,0.24957001,0.24628,1240.664,24.845453,0.69788,0.04403,travel-services,consumer-cyclical,Norwegian Cruise Line Holdings Ltd.,2.682,0.3498
344,NRG,20927100928,-0.091,,,,0.077989995,-0.14025,433.016,25.560793,0.31931,0.01903,utilities-independent-power-producers,utilities,"NRG Energy, Inc.",1.088,
345,NUE,31277117440,-0.152,-0.77,-0.77,-0.77,0.15752,0.06895,32.901,15.750905,0.13221,0.066139996,steel,basic-materials,Nucor Corporation,1.567,
346,NVDA,3179781554176,1.224,1.68,1.68,1.68,0.6353,0.62057,17.221,50.71875,1.23767,0.55258,semiconductors,technology,NVIDIA Corporation,1.657,0.9223
347,NVR,24060370944,0.06,0.042,0.042,0.042,0.20148,0.19681999,24.537,15.267245,0.38716,0.19962,residential-construction,consumer-cyclical,"NVR, Inc.",1.201,
348,NXPI,55106072576,-0.054,-0.073,-0.073,-0.073,0.35898998,0.30462,104.495,22.27301,0.29555,0.0979,semiconductors,technology,NXP Semiconductors N.V.,1.494,1.0766
349,ORLY,76493824000,0.038,0.064,0.064,0.064,0.2241,0.20546,,32.681805,,0.14369,specialty-retail,consumer-cyclical,"O'Reilly Automotive, Inc.",0.92,2.0945
350,OXY,44083367936,0.002,-0.18,-0.18,-0.18,0.47651002,0.25206,79.146,12.887052,0.13118,0.045939997,oil-gas-e-p,energy,Occidental Petroleum Corporation,1.608,2.32
351,ODFL,42101805056,-0.03,-0.071,-0.071,-0.071,0.33275002,0.27334,1.437,35.724636,0.30241,0.1901,trucking,industrials,"Old Dominion Freight Line, Inc.",0.989,3.2861
352,OMC,16550417408,0.085,0.048,0.048,0.048,0.15689999,0.15456,155.236,11.293801,0.33923998,0.05077,advertising-agencies,communication-services,Omnicom Group Inc.,0.968,1.2318
353,ON,22328805376,-0.192,-0.281,-0.281,-0.281,0.36821,0.26931,42.376,13.007614,0.2183,0.09557,semiconductors,technology,ON Semiconductor Corporation,1.654,1.5985
354,OKE,59787161600,0.199,0.192,0.192,0.192,0.28154,0.22656,166.619,20.298729,0.16875,0.06003,oil-gas-midstream,energy,"ONEOK, Inc.",1.625,2.4722
355,ORCL,487957659648,0.069,0.198,0.198,0.198,0.40515,0.30517998,749.978,42.24213,1.55578,0.072909996,software-infrastructure,technology,Oracle Corporation,1.013,1.6282
356,OTIS,37601898496,0.007,0.473,0.473,0.473,0.17647,0.16798,,23.299753,,0.14079,specialty-industrial-machinery,industrials,Otis Worldwide Corporation,0.942,2.3645
357,PCAR,56467419136,-0.052,-0.209,-0.209,-0.209,0.16961001,0.13919,83.654,13.627249,0.27142,0.084580004,farm-heavy-construction-machinery,industrials,PACCAR Inc,0.89,
358,PKG,19067373568,0.127,0.3,0.3,0.3,0.19877,0.15579,64.596,23.753672,0.18972,0.08214,packaging-containers,consumer-cyclical,Packaging Corporation of America,0.777,2.477
359,PLTR,253498425344,0.3,1.0,1.0,1.0,0.15029,0.15594,5.552,583.4211,0.12409,0.045819998,software-infrastructure,technology,Palantir Technologies Inc.,2.697,3.8408
360,PANW,127263432704,0.121,0.591,0.591,0.591,0.13633001,0.119799994,27.28,48.485,0.74517995,0.032190003,software-infrastructure,technology,"Palo Alto Networks, Inc.",1.118,2.0895
361,PARA,7702572032,-0.056,,,,0.108260006,0.10816,91.924,,-0.30080998,0.0337,entertainment,communication-services,Paramount Global,1.767,
362,PH,89053773824,0.012,0.07,0.07,0.07,0.24827999,0.201,78.976,28.568922,0.24641001,0.08545,specialty-industrial-machinery,industrials,Parker-Hannifin Corporation,1.432,3.055
363,PAYX,54013087744,0.025,0.017,0.017,0.017,0.44415,0.41464,22.517,31.55699,0.45672,0.120349996,software-application,technology,"Paychex, Inc.",0.987,4.1897
364,PAYC,11519714304,0.112,0.008,0.008,0.008,0.36613,0.23206,5.516,24.694685,0.32584998,0.10079,software-application,technology,"Paycom Software, Inc.",1.139,1.5234
365,PYPL,77725147136,0.058,0.065,0.065,0.065,0.19458,0.18185,65.718,19.671755,0.22188,0.04343,credit-services,financial-services,"PayPal Holdings, Inc.",1.436,1.1903
366,PNR,16296725504,-0.015,0.063,0.063,0.063,0.23903,0.21039,49.774,26.380054,0.20408002,0.08383001,specialty-industrial-machinery,industrials,Pentair plc,1.189,1.7304
367,PEP,199346913280,-0.006,-0.049,-0.049,-0.049,0.184,0.18011,229.605,20.9233,0.48819,0.08717,beverages-non-alcoholic,consumer-defensive,"PepsiCo, Inc.",0.542,1.786
368,PFE,146378227712,0.312,,,,0.30932,0.32987,73.408,18.25532,0.04538,0.033069998,drug-manufacturers-general,healthcare,Pfizer Inc.,0.615,0.1793
369,PCG,34218752000,0.009,0.685,0.685,0.685,0.37529,0.21714,221.631,12.15873,0.10674,0.026099999,utilities-regulated-electric,utilities,PG&E Corporation,1.035,0.9528
370,PM,225952546816,0.084,0.493,0.493,0.493,0.41111,0.43425998,,24.14883,,0.13116,tobacco,consumer-defensive,Philip Morris International Inc.,0.56,1.803
371,PSX,49897316352,-0.104,-0.825,-0.825,-0.825,0.037720002,0.00183,67.143,24.205233,0.11121,0.0287,oil-gas-refining-marketing,energy,Phillips 66,1.319,
372,PNW,9977198592,0.08,-0.037,-0.037,-0.037,0.39396998,0.31613,168.24,16.502846,0.09578,0.025829999,utilities-regulated-electric,utilities,Pinnacle West Capital Corporation,0.518,3.0763
373,PNC,80149504000,0.017,-0.031,-0.031,-0.031,,0.35884,,14.726339,0.099020004,0.00928,banks-regional,financial-services,"The PNC Financial Services Group, Inc.",1.121,1.9256
374,POOL,12863149056,-0.028,-0.068,-0.068,-0.068,0.12755,0.12307999,86.515,28.99563,0.31463,0.11703,industrial-distribution,industrials,Pool Corporation,1.008,
375,PPG,26888751104,-0.015,0.117,0.117,0.117,0.15918,0.13311,91.282,20.253967,0.19149,0.06677,specialty-chemicals,basic-materials,"PPG Industries, Inc.",1.254,0.9039
376,PPL,25194295296,0.011,-0.069,-0.069,-0.069,0.39556,0.22167999,117.528,30.756756,0.05864,0.0304,utilities-regulated-electric,utilities,PPL Corporation,0.834,1.1131
377,PFG,18831011840,-0.345,,,,-0.00107,-0.079629995,36.258,,-0.01274,-0.00055,asset-management,financial-services,"Principal Financial Group, Inc.",1.203,
378,PG,395999379456,-0.006,-0.121,-0.121,-0.121,0.28651,0.27763999,69.338,26.8752,0.28766,0.10601,household-personal-products,consumer-defensive,The Procter & Gamble Company,0.414,3.5889
379,PGR,147243548672,0.267,1.101,1.101,1.101,0.15041,0.15293999,25.375,17.451254,0.36411,0.06895,insurance-property-casualty,financial-services,The Progressive Corporation,0.366,0.1171
380,PLD,109788782592,0.068,0.343,0.343,0.343,0.69655997,0.40980998,57.079,35.88685,0.05662,0.021140002,reit-industrial,real-estate,"Prologis, Inc.",1.094,0.5803
381,PRU,40254177280,1.334,,,,0.07616,0.028369999,141.51,15.123324,0.13773,0.00453,insurance-life,financial-services,"Prudential Financial, Inc.",1.282,0.481
382,PEG,41816068096,0.076,2.852,2.852,2.852,0.38782,0.24943,137.098,20.600985,0.13,0.03243,utilities-regulated-electric,utilities,Public Service Enterprise Group Incorporated,0.626,8.344
383,PTC,20654243840,0.146,1.728,1.728,1.728,0.30389,0.30982,60.052,52.984325,0.12775,0.058229998,software-application,technology,PTC Inc.,1.174,1.6952
384,PSA,53059334144,0.034,-0.325,-0.325,-0.325,0.71362,0.47022998,97.567,31.456339,0.19163999,0.06983,reit-industrial,real-estate,Public Storage,0.69,9.5812
385,PHM,22272403456,0.118,0.156,0.156,0.156,0.21876,0.19971001,19.411,7.492569,0.26705,0.14166,residential-construction,consumer-cyclical,"PulteGroup, Inc.",1.641,0.2945
386,PWR,46090371072,0.155,0.066,0.066,0.066,0.081599995,0.06442,70.631,57.50276,0.12696,0.04328,engineering-construction,industrials,"Quanta Services, Inc.",1.009,1.8484
387,QCOM,187268694016,0.187,0.941,0.941,0.941,0.30694,0.2625,58.765,18.276388,0.42253,0.12069,semiconductors,technology,QUALCOMM Incorporated,1.286,1.6638
388,DGX,17990422528,0.084,0.015,0.015,0.015,0.18922001,0.14187999,100.708,21.149544,0.13224,0.056550004,diagnostics-research,healthcare,Quest Diagnostics Incorporated,0.891,1.328
389,RL,16870265856,0.057,0.055,0.055,0.055,0.15724,0.11431,109.237,24.879742,0.28424,0.0774,apparel-manufacturing,consumer-cyclical,Ralph Lauren Corporation,1.504,2.2083
390,RJF,34464792576,0.132,0.417,0.417,0.417,,0.225,45.916,16.446953,0.19348,,asset-management,financial-services,"Raymond James Financial, Inc.",1.002,2.0356
391,RTX,171550244864,0.492,,,,0.15904,0.11991999,69.597,36.24646,0.073460005,0.03165,aerospace-defense,industrials,RTX Corporation,0.54,1.3318
392,O,47515193344,0.286,-0.089,-0.089,-0.089,0.89449996,0.44883,68.941,52.038464,0.02513,0.02242,reit-retail,real-estate,Realty Income Corporation,0.996,5.6709
393,REG,13434998784,0.089,0.08,0.08,0.08,0.61614,0.36887002,66.82,34.588783,0.0583,0.02743,reit-retail,real-estate,Regency Centers Corporation,1.218,4.4513
394,REGN,78939930624,0.106,0.298,0.298,0.298,0.33206,0.33426997,9.221,18.832891,0.17166,0.07414,biotechnology,healthcare,"Regeneron Pharmaceuticals, Inc.",0.142,1.0623
395,RF,22394415104,0.156,,,,,0.46976003,,12.801047,0.10042,0.01125,banks-regional,financial-services,Regions Financial Corporation,1.182,4.772
396,RSG,69385035776,0.065,0.185,0.185,0.185,0.30376,0.20966,114.524,35.484753,0.18284,0.063260004,waste-management,industrials,"Republic Services, Inc.",0.707,3.6611
397,RMD,34833973248,0.111,0.416,0.416,0.416,0.33951,0.3163,16.366,28.007092,0.23565,0.13271,medical-instruments-supplies,healthcare,ResMed Inc.,0.687,1.6984
398,RVTY,14501989376,0.02,9.234,9.234,9.234,0.28958,0.14819999,41.849,51.90393,0.03308,0.01717,diagnostics-research,healthcare,"Revvity, Inc.",1.056,0.8447
399,ROK,30374021120,-0.206,-0.198,-0.198,-0.198,0.19525999,0.15529001,111.327,32.454655,0.25539,0.07254,specialty-industrial-machinery,industrials,"Rockwell Automation, Inc.",1.359,5.3377
400,ROL,24341184512,0.09,0.077,0.077,0.077,0.22884001,0.20932,63.703,51.62887,0.38792,0.14863,personal-services,consumer-cyclical,"Rollins, Inc.",0.701,3.6797
401,ROP,62559711232,0.129,0.054,0.054,0.054,0.40331,0.28142,45.241,40.65011,0.08238,0.040489998,software-application,technology,"Roper Technologies, Inc.",1.029,2.9916
402,ROST,47846359040,0.071,0.205,0.205,0.205,0.14146,0.124680005,114.299,22.8144,0.43236,0.11096,apparel-retail,consumer-cyclical,"Ross Stores, Inc.",1.1,1.8885
403,RCL,72656633856,0.175,0.154,0.154,0.154,0.35142,0.33483002,298.394,24.575277,0.44263,0.0731,travel-services,consumer-cyclical,Royal Caribbean Cruises Ltd.,2.6,1.0864
404,SPGI,161092255744,0.159,0.335,0.335,0.335,0.48264,0.40392,31.362,45.86131,0.099309996,0.05667,financial-data-stock-exchanges,financial-services,S&P Global Inc.,1.183,1.5203
405,CRM,316585213952,0.084,0.148,0.148,0.148,0.25627002,0.20181999,21.148,54.66946,0.09734,0.04705,software-application,technology,"Salesforce, Inc.",1.288,1.4882
406,SBAC,22130384896,-0.022,2.0,2.0,2.0,0.67112,0.57702,,32.361637,,0.08582,reit-specialty,real-estate,SBA Communications Corporation,0.672,1.0767
407,SLB,56258138112,0.102,0.064,0.064,0.064,0.22589001,0.17959999,57.141,12.871796,0.21722999,0.08113,oil-gas-equipment-services,energy,Schlumberger Limited,1.532,1.8737
408,STX,20355629056,0.491,,,,0.16669,0.18635,,17.48182,,0.07903,computer-hardware,technology,Seagate Technology Holdings plc,1.07,0.3099
409,SRE,51989426176,-0.167,-0.123,-0.123,-0.123,0.38172,0.1531,96.747,18.09713,0.09734,0.017719999,utilities-diversified,utilities,Sempra,0.759,1.9575
410,NOW,211298254848,0.222,0.769,0.769,0.769,0.17431,0.14945,24.166,149.15532,0.16221,0.04698,software-application,technology,"ServiceNow, Inc.",0.986,2.3059
411,SHW,91981766656,0.007,0.078,0.078,0.078,0.19084999,0.18434,291.114,34.60365,0.64452004,0.10068,specialty-chemicals,basic-materials,The Sherwin-Williams Company,1.175,4.0788
412,SPG,67930951680,0.049,-0.198,-0.198,-0.198,0.73669,0.51851004,780.789,24.819311,0.81232,0.057540003,reit-retail,real-estate,"Simon Property Group, Inc.",1.768,6.0989
413,SWKS,10559076352,-0.159,-0.758,-0.758,-0.758,0.25989,0.18763,15.691,20.212309,0.12777,0.06361,semiconductors,technology,"Skyworks Solutions, Inc.",1.205,0.8477
414,SJM,10990644224,0.177,-0.026,-0.026,-0.026,0.23273,0.16912001,111.438,20.82258,0.10090999,0.05377,packaged-foods,consumer-defensive,The J. M. Smucker Company,0.246,1.4163
415,SW,28535760896,1.632,,,,0.13224,0.04302,82.987,76.05634,,,packaging-containers,consumer-cyclical,Smurfit Westrock Plc,1.034,
416,SNA,17838141440,-0.005,0.042,0.042,0.042,0.29003,0.26527,23.352,17.422543,0.20599002,0.114029996,tools-accessories,industrials,Snap-on Incorporated,0.954,2.343
417,SOLV,12918767616,0.004,-0.737,-0.737,-0.737,0.22398001,0.13064,254.041,198.32431,0.09747,0.0575,health-information-services,healthcare,Solventum Corporation,,
418,SO,92672614400,0.042,0.078,0.078,0.078,0.49421,0.35139,176.35,19.533487,0.12713,0.0348,utilities-regulated-electric,utilities,The Southern Company,0.509,2.9084
419,LUV,18645819392,0.053,-0.644,-0.644,-0.644,0.061440002,0.0027700001,87.36,40.789474,-0.00447,0.00458,airlines,industrials,Southwest Airlines Co.,1.153,0.452
420,SWK,13329018880,-0.051,19.0,19.0,19.0,0.10816,0.074990004,79.081,45.505264,-0.02031,0.02991,tools-accessories,industrials,"Stanley Black & Decker, Inc.",1.255,
421,SBUX,127451340800,-0.032,-0.246,-0.246,-0.246,0.1852,0.13262999,,35.96154,,0.10503,restaurants,consumer-cyclical,Starbucks Corporation,0.962,2.726
422,STT,28758245376,0.201,0.808,0.808,0.808,,0.30343,,12.141637,0.0855,0.00679,asset-management,financial-services,State Street Corporation,1.48,0.6273
423,STLD,19290961920,-0.054,-0.409,-0.409,-0.409,0.15022,0.091079995,40.575,12.877032,0.19703,0.09089,steel,basic-materials,"Steel Dynamics, Inc.",1.325,
424,STE,22252570624,0.073,0.305,0.305,0.305,0.24892001,0.16981001,36.303,35.209778,0.092700005,0.05447,medical-devices,healthcare,STERIS plc,0.851,1.2462
425,SYK,150988029952,0.119,0.2,0.2,0.2,0.25908002,0.21587,79.443,51.029987,0.18868,0.071100004,medical-devices,healthcare,Stryker Corporation,0.92,2.7624
426,SMCI,21244297216,1.43,0.61,0.61,0.61,0.08731,0.06469,39.749,16.796295,0.32469,0.11618,computer-hardware,technology,"Super Micro Computer, Inc.",1.279,
427,SYF,26485909504,0.116,0.311,0.311,0.311,,0.46368998,,7.977541,0.21279,0.02726,credit-services,financial-services,Synchrony Financial,1.593,1.8561
428,SNPS,82418081792,0.127,0.204,0.204,0.204,0.25486,0.23608999,8.7,57.782417,0.21819,0.0862,software-infrastructure,technology,"Synopsys, Inc.",1.076,11.2962
429,SYY,34862526464,0.044,,,,0.05534,0.04262,599.732,18.282776,0.88346,0.08924,food-distribution,consumer-defensive,Sysco Corporation,1.2,1.3327
430,TMUS,282205814784,0.047,0.434,0.434,0.434,0.38327,0.23792,182.272,25.570093,0.16087,0.052389998,telecom-services,communication-services,"T-Mobile US, Inc.",0.496,1.3638
431,TROW,24851107840,0.069,0.34,0.34,0.34,0.38321,0.33613,3.247,12.183628,0.20495,0.101339996,asset-management,financial-services,"T. Rowe Price Group, Inc.",1.423,2.4041
432,TTWO,36665651200,0.041,,,,0.030350002,-0.19829,70.922,,-0.50913,-0.022750001,electronic-gaming-multimedia,communication-services,"Take-Two Interactive Software, Inc.",0.85,2.3743
433,TPR,17016687616,-0.004,-0.06,-0.06,-0.06,0.21596001,0.18932,295.298,23.922619,0.29924,0.076,luxury-goods,consumer-cyclical,"Tapestry, Inc.",1.556,2.5656
434,TRGP,43922251776,-0.012,0.804,0.804,0.804,0.24801001,0.18905,321.534,35.967857,0.33885,0.07811,oil-gas-midstream,energy,Targa Resources Corp.,2.237,1.1817
435,TGT,61712039936,0.027,0.428,0.428,0.428,0.08603,0.06644,132.802,14.292711,0.33968,0.07233,discount-stores,consumer-defensive,Target Corporation,1.242,1.8678
436,TEL,43822088192,0.008,-0.479,-0.479,-0.479,0.23743,0.18091999,37.194,23.13071,0.26461,0.08234999,electronic-components,technology,TE Connectivity plc,1.328,3.1045
437,TDY,23839873024,0.029,0.335,0.335,0.335,0.24067,0.18947001,29.147,29.672853,0.103140004,0.04504,scientific-technical-instruments,technology,Teledyne Technologies Incorporated,1.007,
438,TFX,8063566848,0.024,-0.185,-0.185,-0.185,0.21315001,0.19570999,42.669,34.495968,0.05412,0.03154,medical-instruments-supplies,healthcare,Teleflex Incorporated,1.177,0.8822
439,TER,18577647616,0.048,0.141,0.141,0.141,0.23403999,0.21449,2.738,34.416416,0.19206,0.091759995,semiconductor-equipment-materials,technology,"Teradyne, Inc.",1.515,1.5422
440,TSLA,1204006551552,0.078,0.17,0.17,0.17,0.13633001,0.107889995,18.078,185.44615,0.20389,0.04759,auto-manufacturers,consumer-cyclical,"Tesla, Inc.",2.295,5.2691
441,TXN,167191019520,-0.084,-0.206,-0.206,-0.206,0.43899,0.3734,84.399,35.225048,0.29293,0.10236,semiconductors,technology,Texas Instruments Incorporated,0.98,1.7736
442,TPL,30906984448,0.099,0.011,0.011,0.011,0.79880995,0.73363,0.091,68.845955,0.445,0.29434,oil-gas-e-p,energy,Texas Pacific Land Corporation,1.589,
443,TXT,13740443648,0.025,-0.126,-0.126,-0.126,0.11766,0.07937,56.941,17.33023,0.12597999,0.04792,aerospace-defense,industrials,Textron Inc.,1.244,0.7498
444,TMO,219061567488,0.002,-0.038,-0.038,-0.038,0.24975,0.18059999,72.329,34.592613,0.12944001,0.04674,diagnostics-research,healthcare,Thermo Fisher Scientific Inc.,0.792,2.2201
445,TJX,141823655936,0.056,0.129,0.129,0.129,0.12809,0.105579995,162.567,29.75895,0.66199,0.12818,apparel-retail,consumer-cyclical,"The TJX Companies, Inc.",0.893,2.5701
446,TSCO,28344399872,0.016,-0.039,-0.039,-0.039,0.12958,0.09359,233.038,26.083744,0.5058,0.097729996,specialty-retail,consumer-cyclical,Tractor Supply Company,0.814,2.518
447,TT,80140050432,0.114,0.25,0.25,0.25,0.19038,0.18761998,69.203,31.544731,0.35146,0.10542,building-products-equipment,industrials,Trane Technologies plc,1.221,2.8047
448,TDG,74443333632,0.18,-0.2,-0.2,-0.2,0.48966998,0.43275002,,45.86524,,0.098120004,aerospace-defense,industrials,TransDigm Group Incorporated,1.423,3.9195
449,TRV,56115163136,0.119,2.115,2.115,2.115,0.14818,0.13928,29.004,11.532926,0.19059,0.029289998,insurance-property-casualty,financial-services,"The Travelers Companies, Inc.",0.63,0.8681
450,TRMB,18525382656,-0.085,-0.467,-0.467,-0.467,0.20309,0.13668,32.544,12.60339,0.28913,0.03211,scientific-technical-instruments,technology,Trimble Inc.,1.489,2.599
451,TFC,62744018944,0.061,0.239,0.239,0.239,,0.40328,,,-0.09505,-0.01138,banks-regional,financial-services,Truist Financial Corporation,1.035,1.9441
452,TYL,26357495808,0.098,0.582,0.582,0.582,0.17758,0.15244001,19.597,112.26666,0.077259995,0.03581,software-application,technology,"Tyler Technologies, Inc.",0.771,2.7924
453,TSN,20452704256,0.016,,,,0.05898,0.03944,52.863,19.442953,0.044710003,0.030250002,farm-products,consumer-defensive,"Tyson Foods, Inc.",0.775,0.5096
454,USB,74474627072,-0.032,0.127,0.127,0.127,,0.35277,,12.5946665,0.09779,0.00815,banks-regional,financial-services,U.S. Bancorp,1.04,1.1442
455,UBER,157085958144,0.204,11.205,11.205,11.205,0.08211,0.09483,80.343,15.349793,0.34326,0.04034,software-application,technology,"Uber Technologies, Inc.",1.337,0.7352
456,UDR,16188272640,0.006,-0.377,-0.377,-0.377,0.58967,0.16603,131.116,165.00002,0.02841,0.01635,reit-residential,real-estate,"UDR, Inc.",0.847,
457,ULTA,18623203328,0.009,-0.12,-0.12,-0.12,0.16143,0.12899,82.149,16.078508,0.54978,0.17914,specialty-retail,consumer-cyclical,"Ulta Beauty, Inc.",1.326,2.6496
458,UNP,147629588480,0.025,0.096,0.096,0.096,0.49530998,0.39862,197.154,21.987284,0.43396,0.089940004,railroads,industrials,Union Pacific Corporation,1.056,2.5336
459,UAL,35896750080,0.025,-0.152,-0.152,-0.152,0.13364,0.10699,291.676,11.546611,0.27245,0.041139998,airlines,industrials,"United Airlines Holdings, Inc.",1.393,1.0251
460,UPS,96831889408,0.056,0.374,0.374,0.374,0.13241,0.0922,155.425,16.806835,0.31422,0.07625,integrated-freight-logistics,industrials,"United Parcel Service, Inc.",0.982,1.7202
461,URI,48943751168,0.06,0.04,0.04,0.04,0.30324,0.28482,167.987,19.379906,0.31401,0.0949,rental-leasing-services,industrials,"United Rentals, Inc.",1.682,1.4283
462,UNH,487787364352,0.092,0.043,0.043,0.043,0.08894,0.08637,74.683,34.13407,0.15252,0.06924,healthcare-plans,healthcare,UnitedHealth Group Incorporated,0.591,1.4682
463,UHS,12429915136,0.112,0.583,0.583,0.583,0.13777,0.09694,76.373,12.545394,0.16341,0.06822,medical-care-facilities,healthcare,"Universal Health Services, Inc.",1.297,
464,VLO,42514268160,-0.152,-0.848,-0.848,-0.848,0.06072,0.01682,38.593,15.656471,0.13797,0.051090002,oil-gas-refining-marketing,energy,Valero Energy Corporation,1.374,
465,VTR,25418172416,0.08,,,,0.38711,0.15880999,136.679,,-0.00543,0.017549999,reit-healthcare-facilities,real-estate,"Ventas, Inc.",1.39,
466,VLTO,24436502528,0.047,0.06,0.06,0.06,0.2463,0.23211999,143.52,29.495522,0.5368,0.12967,pollution-treatment-controls,industrials,Veralto Corporation,,
467,VRSN,21275578368,0.038,0.131,0.131,0.131,0.70616996,0.68945,,27.53607,,0.4159,software-infrastructure,technology,"VeriSign, Inc.",0.911,3.1841
468,VRSK,41650032640,0.07,0.194,0.194,0.194,0.48277,0.42975,1069.413,45.46904,2.65609,0.16983,consulting-services,industrials,"Verisk Analytics, Inc.",0.862,1.9335
469,VZ,168132493312,,-0.31,-0.31,-0.31,0.36077,0.23933001,182.615,9.632851,0.10431,0.04982,telecom-services,communication-services,Verizon Communications Inc.,0.418,1.0749
470,VRTX,123912683520,0.116,0.01,0.01,0.01,0.41847,0.40824002,11.35,,-0.029849999,0.12051,biotechnology,healthcare,Vertex Pharmaceuticals Incorporated,0.394,1.2589
471,VTRS,13010123776,-0.048,-0.706,-0.706,-0.706,0.30479,0.13884,80.912,,-0.043449998,0.024820002,drug-manufacturers-specialty-generic,healthcare,Viatris Inc.,0.929,0.0671
472,VICI,31762137088,0.067,0.275,0.275,0.275,0.96225,0.98638,66.55,11.151852,0.111899994,0.05209,reit-diversified,real-estate,VICI Properties Inc.,0.961,
473,V,670293426176,0.117,0.169,0.169,0.169,0.69512004,0.66122,53.239,35.08266,0.50708,0.16174,credit-services,financial-services,Visa Inc.,0.952,2.2883
474,VST,57797632000,0.539,3.2,3.2,3.2,0.37012002,0.41158,183.15,31.97318,0.30168,0.06409,utilities-independent-power-producers,utilities,Vistra Corp.,1.111,0.9399
475,VMC,36608671744,-0.083,-0.246,-0.246,-0.246,0.2684,0.21044001,49.475,43.320637,0.11133,0.05888,building-materials,basic-materials,Vulcan Materials Company,0.805,2.5216
476,WRB,23306137600,0.122,0.11,0.11,0.11,,0.15609999,36.284,14.107798,0.20537001,0.03595,insurance-property-casualty,financial-services,W. R. Berkley Corporation,0.621,2.5638
477,GWW,50907291648,0.043,0.047,0.047,0.047,0.16755,0.15634,83.325,27.030273,0.52611,0.18872,industrial-distribution,industrials,"W.W. Grainger, Inc.",1.151,2.4162
478,WAB,35665350656,0.044,0.226,0.226,0.226,0.20426,0.16523,39.063,34.58194,0.103690006,0.05445,railroads,industrials,Westinghouse Air Brake Technologies Corporation,1.272,
479,WBA,8745228288,0.06,,,,0.01953,0.02349,277.898,,-0.75969005,0.0058999998,pharmaceutical-retailers,healthcare,"Walgreens Boots Alliance, Inc.",0.669,
480,WMT,826233651200,0.048,-0.423,-0.423,-0.423,0.06132,0.04689,69.566,42.5,0.18531999,0.069510005,discount-stores,consumer-defensive,Walmart Inc.,0.516,3.0981
481,DIS,202635444224,0.037,,,,0.18606001,0.14913,45.188,36.34754,0.0546,0.03622,entertainment,communication-services,The Walt Disney Company,1.398,0.9845
482,WBD,24924205056,-0.036,,,,0.18053,0.05217,111.154,,-0.27295,-0.00148,entertainment,communication-services,"Warner Bros. Discovery, Inc.",1.483,
483,WM,90275053568,0.079,0.153,0.153,0.153,0.29836,0.20093,208.894,33.026432,0.35025,0.0795,waste-management,industrials,"Waste Management, Inc.",0.747,2.7798
484,WAT,24400631808,0.04,0.194,0.194,0.194,0.34698,0.28697002,120.473,39.22414,0.4964,0.11332,diagnostics-research,healthcare,Waters Corporation,0.973,3.8615
485,WEC,32336748544,-0.048,-0.241,-0.241,-0.241,0.4089,0.2132,155.836,20.858606,0.105220005,0.030380001,utilities-regulated-electric,utilities,"WEC Energy Group, Inc.",0.438,2.6309
486,WFC,267785666560,-0.018,-0.041,-0.041,-0.041,,0.31972,,15.163533,0.099139996,0.009509999,banks-diversified,financial-services,Wells Fargo & Company,1.136,3.5995
487,WELL,88789360640,0.288,2.004,2.004,2.004,0.38787997,0.17371,52.153,90.82165,0.03417,0.01853,reit-healthcare-facilities,real-estate,Welltower Inc.,1.194,2.5897
488,WST,23933415424,-0.001,-0.136,-0.136,-0.136,0.2589,0.22319001,11.188,49.016766,0.17778,0.09995,medical-instruments-supplies,healthcare,"West Pharmaceutical Services, Inc.",1.003,6.17
489,WDC,22427697152,,,,,0.14873,0.15403,,18.630056,0.033239998,0.04044,computer-hardware,technology,Western Digital Corporation,1.394,
490,WY,22087471104,-0.169,-0.882,-0.882,-0.882,0.17163,0.053540003,51.335,56.698116,0.052989997,0.02674,reit-specialty,real-estate,Weyerhaeuser Company,1.428,1.5361
491,WMB,68277006336,0.045,0.077,0.077,0.077,0.5657,0.32817,182.368,23.70339,0.20583001,0.04398,oil-gas-midstream,energy,"The Williams Companies, Inc.",1.062,9.3737
492,WTW,32627544064,0.057,,,,0.26313,0.16600999,79.115,,-0.08361,0.04843,insurance-brokers,financial-services,Willis Towers Watson Public Limited Company,0.742,1.08
493,WDAY,73900244992,0.167,0.661,0.661,0.661,0.08089,0.053239997,40.312,45.6958,0.21080999,0.01426,software-application,technology,"Workday, Inc.",1.352,2.346
494,WYNN,8856548352,0.013,,,,0.25658,0.09162,,9.685097,,0.05278,resorts-casinos,consumer-cyclical,"Wynn Resorts, Limited",1.802,2.081
495,XEL,38543085568,-0.005,0.018,0.018,0.018,0.40035,0.25165,154.33,19.473682,0.10262,0.02564,utilities-regulated-electric,utilities,Xcel Energy Inc.,0.398,2.1698
496,XYL,31927754752,0.013,0.413,0.413,0.413,0.2005,0.13498001,19.84,36.013733,0.08081,0.04429,specialty-industrial-machinery,industrials,Xylem Inc.,1.05,2.4988
497,YUM,40189190144,0.069,-0.075,-0.075,-0.075,0.36106998,0.34447,,27.607693,,0.24328,restaurants,consumer-cyclical,"Yum! Brands, Inc.",1.095,2.6235
498,ZBRA,19435354112,0.313,,,,0.17247,0.15618,69.307,51.26093,0.11873999,0.05234,communication-equipment,technology,Zebra Technologies Corporation,1.645,0.7987
499,ZBH,20442865664,0.04,0.597,0.597,0.597,0.3367,0.17997,53.611,23.2023,0.08713,0.0461,medical-devices,healthcare,"Zimmer Biomet Holdings, Inc.",1.021,1.3471
500,ZTS,78556766208,0.11,0.163,0.163,0.163,0.41127998,0.38526002,129.442,32.65333,0.47303,0.14664,drug-manufacturers-specialty-generic,healthcare,Zoetis Inc.,0.896,2.7083
